"id";"data_inversa";"dia_semana";"horario";"uf";"br";"km";"municipio";"causa_acidente";"tipo_acidente";"classificacao_acidente";"fase_dia";"sentido_via";"condicao_metereologica";"tipo_pista";"tracado_via";"uso_solo";"pessoas";"mortos";"feridos_leves";"feridos_graves";"ilesos";"ignorados";"feridos";"veiculos";"latitude";"longitude";"regional";"delegacia";"uop"
654436;2025-01-11;"sï¿½bado";"13:50:00";"MG";116;524;"CARATINGA";"Ausï¿½ncia de reaï¿½ï¿½o do condutor";"Colisï¿½o traseira";"Com Vï¿½timas Feridas";"Pleno dia";"Crescente";"Cï¿½u Claro";"Simples";"Reta";"Sim";3;0;1;0;1;1;1;3;-19,76027352;-42,13398823;"SPRF-MG";"DEL06-MG";"UOP02-DEL06-MG"
654440;2025-01-11;"sï¿½bado";"13:45:00";"BA";116;838,3;"VITORIA DA CONQUISTA";"Ultrapassagem Indevida";"Colisï¿½o frontal";"Com Vï¿½timas Feridas";"Pleno dia";"Decrescente";"Nublado";"Simples";"Reta";"Nï¿½o";4;0;1;0;2;1;1;3;-14,90016239;-40,86823079;"SPRF-BA";"DEL08-BA";"UOP01-DEL08-BA"
654448;2025-01-11;"sï¿½bado";"15:00:00";"SC";101;276,8;"IMBITUBA";"Transitar na contramï¿½o";"Colisï¿½o lateral sentido oposto";"Com Vï¿½timas Feridas";"Pleno dia";"Crescente";"Nublado";"Mï¿½ltipla";"Interseï¿½ï¿½o de Vias";"Nï¿½o";3;0;1;0;2;0;1;3;-28,16471072;-48,69392216;"SPRF-SC";"DEL02-SC";"UOP03-DEL02-SC"
654449;2025-01-11;"sï¿½bado";"13:30:00";"RS";290;322;"CACAPAVA DO SUL";"Transitar na contramï¿½o";"Colisï¿½o frontal";"Com Vï¿½timas Feridas";"Pleno dia";"Crescente";"Cï¿½u Claro";"Simples";"Reta";"Nï¿½o";17;0;3;2;11;1;5;6;-30,37702194;-53,41166496;"SPRF-RS";"DEL09-RS";"UOP02-DEL09-RS"
654468;2025-01-11;"sï¿½bado";"15:15:00";"MT";163;747;"SORRISO";"Reaï¿½ï¿½o tardia ou ineficiente do condutor";"Colisï¿½o traseira";"Com Vï¿½timas Feridas";"Pleno dia";"Crescente";"Chuva";"Dupla";"Retorno Regulamentado";"Sim";7;0;0;1;5;3;1;6;-12,59389449;-55,74342728;"SPRF-MT";"DEL06-MT";"UOP01-DEL06-MT"
654473;2025-01-11;"sï¿½bado";"16:55:00";"SE";101;151;"ESTANCIA";"Condutor deixou de manter distï¿½ncia do veï¿½culo da frente";"Colisï¿½o traseira";"Sem Vï¿½timas";"Anoitecer";"Decrescente";"Nublado";"Simples";"Reta";"Sim";3;0;0;0;3;0;0;2;-11,26151;-37,441227;"SPRF-SE";"DEL02-SE";"UOP01-DEL02-SE"
654480;2025-01-11;"sï¿½bado";"16:10:00";"SC";116;118,8;"SANTA CECILIA";"Ultrapassagem Indevida";"Colisï¿½o traseira";"Com Vï¿½timas Feridas";"Pleno dia";"Decrescente";"Cï¿½u Claro";"Simples";"Declive;Reta";"Nï¿½o";5;0;3;0;1;1;3;3;-26,82166766;-50,35753411;"SPRF-SC";"DEL06-SC";"UOP02-DEL06-SC"
654501;2025-01-11;"sï¿½bado";"12:00:00";"RJ";356;49;"ITAPERUNA";"Velocidade Incompatï¿½vel";"Colisï¿½o lateral sentido oposto";"Sem Vï¿½timas";"Pleno dia";"Decrescente";"Cï¿½u Claro";"Simples";"Declive;Curva";"Nï¿½o";4;0;0;0;3;3;0;6;-21,25300596;-41,78325793;"SPRF-RJ";"DEL08-RJ";"UOP03-DEL08-RJ"
654521;2025-01-11;"sï¿½bado";"20:00:00";"RO";319;57;"PORTO VELHO";"Velocidade Incompatï¿½vel";"Colisï¿½o traseira";"Com Vï¿½timas Feridas";"Plena Noite";"Decrescente";"Cï¿½u Claro";"Simples";"Reta";"Sim";6;0;2;0;2;2;2;4;-8,739714;-63,93214024;"SPRF-RO";"DEL01-RO";"UOP01-DEL01-RO"
654526;2025-01-11;"sï¿½bado";"21:40:00";"BA";415;26,2;"VITORIA DA CONQUISTA";"Ausï¿½ncia de reaï¿½ï¿½o do condutor";"Colisï¿½o frontal";"Com Vï¿½timas Feridas";"Plena Noite";"Crescente";"Chuva";"Simples";"Reta";"Sim";3;0;1;0;1;1;1;3;-14,85036;-40,80472;"SPRF-BA";"DEL05-BA";"UOP01-DEL05-BA"
654529;2025-01-11;"sï¿½bado";"22:10:00";"MG";40;517,9;"RIBEIRAO DAS NEVES";"Manobra de mudanï¿½a de faixa";"Colisï¿½o lateral mesmo sentido";"Sem Vï¿½timas";"Plena Noite";"Decrescente";"Cï¿½u Claro";"Dupla";"Reta";"Sim";2;0;0;0;1;1;0;2;-19,83113577;-44,0826083;"SPRF-MG";"DEL01-MG";"UOP02-DEL01-MG"
654531;2025-01-11;"sï¿½bado";"17:15:00";"MG";354;709;"CAXAMBU";"Afundamento ou ondulaï¿½ï¿½o no pavimento";"Tombamento";"Com Vï¿½timas Feridas";"Pleno dia";"Crescente";"Nublado";"Simples";"Curva";"Nï¿½o";2;0;1;0;0;1;1;2;-22,02469499;-44,9270357;"SPRF-MG";"DEL17-MG";"UOP01-DEL17-MG"
654540;2025-01-11;"sï¿½bado";"19:20:00";"MG";251;359,7;"PADRE CARVALHO";"Acessar a via sem observar a presenï¿½a dos outros veï¿½culos";"Colisï¿½o transversal";"Com Vï¿½timas Feridas";"Plena Noite";"Crescente";"Nublado";"Simples";"Declive;Reta";"Nï¿½o";5;0;2;0;2;3;2;5;-16,26496;-42,58309;"SPRF-MG";"DEL12-MG";"UOP02-DEL12-MG"
654556;2025-01-11;"sï¿½bado";"22:00:00";"BA";116;770,5;"POCOES";"Frear bruscamente";"Tombamento";"Sem Vï¿½timas";"Plena Noite";"Decrescente";"Garoa/Chuvisco";"Simples";"Reta";"Nï¿½o";1;0;0;0;1;0;0;1;-14,55506709;-40,4074369;"SPRF-BA";"DEL08-BA";"UOP02-DEL08-BA"
654559;2025-01-12;"domingo";"04:40:00";"GO";153;346;"JARAGUA";"Condutor Dormindo";"Colisï¿½o lateral sentido oposto";"Com Vï¿½timas Feridas";"Amanhecer";"Crescente";"Cï¿½u Claro";"Simples";"Reta";"Nï¿½o";4;0;0;1;3;0;1;3;-15,637603;-49,373875;"SPRF-GO";"DEL02-GO";"UOP02-DEL02-GO"
654564;2025-01-12;"domingo";"05:20:00";"MS";163;461,5;"CAMPO GRANDE";"Suicï¿½dio (presumido)";"Colisï¿½o lateral sentido oposto";"Com Vï¿½timas Feridas";"Amanhecer";"Crescente";"Cï¿½u Claro";"Simples";"Reta";"Nï¿½o";3;0;0;1;1;1;1;3;-20,6294929;-54,57205471;"SPRF-MS";"DEL01-MS";"UOP01-DEL01-MS"
654566;2025-01-12;"domingo";"05:54:00";"TO";153;679;"CARIRI DO TOCANTINS";"Ausï¿½ncia de reaï¿½ï¿½o do condutor";"Colisï¿½o lateral sentido oposto";"Sem Vï¿½timas";"Amanhecer";"Crescente";"Garoa/Chuvisco";"Simples";"Reta";"Nï¿½o";4;0;0;0;3;1;0;3;-11,78176489;-49,11301313;"SPRF-TO";"DEL01-TO";"UOP02-DEL01-TO"
654584;2025-01-12;"domingo";"07:00:00";"MG";365;90,5;"JEQUITAI";"Reaï¿½ï¿½o tardia ou ineficiente do condutor";"Colisï¿½o transversal";"Com Vï¿½timas Feridas";"Pleno dia";"Crescente";"Chuva";"Simples";"Reta";"Nï¿½o";5;0;1;1;2;1;2;3;-17,2046899;-44,44052917;"SPRF-MG";"DEL12-MG";"UOP01-DEL12-MG"
654592;2025-01-12;"domingo";"10:10:00";"PE";232;5;"RECIFE";"Ausï¿½ncia de reaï¿½ï¿½o do condutor";"Colisï¿½o traseira";"Com Vï¿½timas Feridas";"Pleno dia";"Crescente";"Nublado";"Dupla";"Reta";"Sim";2;0;0;1;1;0;1;2;-8,06795766;-34,94535414;"SPRF-PE";"DEL01-PE";"UOP01-DEL01-PE"
654593;2025-01-12;"domingo";"08:45:00";"MS";262;535,1;"MIRANDA";"Transitar na contramï¿½o";"Colisï¿½o frontal";"Com Vï¿½timas Feridas";"Pleno dia";"Crescente";"Cï¿½u Claro";"Simples";"Reta;Declive";"Sim";7;0;0;5;1;3;5;5;-20,33482886;-56,18553094;"SPRF-MS";"DEL03-MS";"UOP02-DEL03-MS"
654595;2025-01-12;"domingo";"08:20:00";"MS";163;483;"CAMPO GRANDE";"Acessar a via sem observar a presenï¿½a dos outros veï¿½culos";"Colisï¿½o transversal";"Com Vï¿½timas Feridas";"Pleno dia";"Crescente";"Cï¿½u Claro";"Simples";"Reta;Interseï¿½ï¿½o de Vias";"Sim";3;0;0;1;1;2;1;4;-20,45726263;-54,54671829;"SPRF-MS";"DEL01-MS";"UOP02-DEL01-MS"
654596;2025-01-12;"domingo";"10:00:00";"BA";324;1;"FEIRA DE SANTANA";"Condutor deixou de manter distï¿½ncia do veï¿½culo da frente";"Colisï¿½o traseira";"Com Vï¿½timas Feridas";"Pleno dia";"Crescente";"Cï¿½u Claro";"Dupla";"Reta";"Sim";3;0;1;0;2;0;1;2;-12,27450685;-38,93744767;"SPRF-BA";"DEL02-BA";"UOP01-DEL02-BA"
654597;2025-01-12;"domingo";"05:30:00";"MG";116;414;"GOVERNADOR VALADARES";"Acessar a via sem observar a presenï¿½a dos outros veï¿½culos";"Colisï¿½o lateral mesmo sentido";"Com Vï¿½timas Feridas";"Amanhecer";"Decrescente";"Chuva";"Simples";"Reta";"Sim";4;0;0;2;1;2;2;4;-18,88392452;-41,94962377;"SPRF-MG";"DEL06-MG";"UOP01-DEL06-MG"
654600;2025-01-12;"domingo";"10:29:00";"RS";158;322;"SANTA MARIA";"Acessar a via sem observar a presenï¿½a dos outros veï¿½culos";"Colisï¿½o transversal";"Com Vï¿½timas Fatais";"Pleno dia";"Crescente";"Cï¿½u Claro";"Dupla";"Interseï¿½ï¿½o de Vias;Viaduto;Rotatï¿½ria";"Sim";5;1;0;0;1;4;0;5;-29,69535325;-53,77611929;"SPRF-RS";"DEL09-RS";"UOP01-DEL09-RS"
654613;2025-01-12;"domingo";"11:47:00";"SC";101;192,6;"BIGUACU";"Suicï¿½dio (presumido)";"Atropelamento de Pedestre";"Com Vï¿½timas Fatais";"Pleno dia";"Decrescente";"Cï¿½u Claro";"Mï¿½ltipla";"Reta;Ponte";"Sim";3;1;0;0;1;1;0;3;-27,488173;-48,653184;"SPRF-SC";"DEL01-SC";"UOP01-DEL01-SC"
654616;2025-01-12;"domingo";"11:10:00";"PR";373;177,6;"PONTA GROSSA";"Acessar a via sem observar a presenï¿½a dos outros veï¿½culos";"Colisï¿½o lateral mesmo sentido";"Com Vï¿½timas Feridas";"Pleno dia";"Decrescente";"Nublado";"Dupla";"Aclive;Reta";"Sim";6;0;0;1;4;3;1;5;-25,055;-50,23;"SPRF-PR";"DEL03-PR";"UOP01-DEL03-PR"
654623;2025-01-12;"domingo";"10:25:00";"SC";101;137,1;"BALNEARIO CAMBORIU";"Reaï¿½ï¿½o tardia ou ineficiente do condutor";"Tombamento";"Com Vï¿½timas Fatais";"Pleno dia";"Crescente";"Nublado";"Mï¿½ltipla";"Reta";"Sim";2;1;0;0;1;0;0;2;-27,016055;-48,61173833;"SPRF-SC";"DEL04-SC";"UOP03-DEL04-SC"
654634;2025-01-12;"domingo";"13:30:00";"GO";153;581;"PIRACANJUBA";"Ausï¿½ncia de reaï¿½ï¿½o do condutor";"Colisï¿½o traseira";"Com Vï¿½timas Feridas";"Pleno dia";"Decrescente";"Cï¿½u Claro";"Dupla";"Reta";"Sim";2;0;1;0;1;0;1;2;-17,3907;-49,2271;"SPRF-GO";"DEL03-GO";"UOP01-DEL03-GO"
654637;2025-01-12;"domingo";"11:50:00";"MG";381;732,5;"CARMO DA CACHOEIRA";"Reaï¿½ï¿½o tardia ou ineficiente do condutor";"Colisï¿½o traseira";"Com Vï¿½timas Feridas";"Pleno dia";"Decrescente";"Chuva";"Dupla";"Curva";"Nï¿½o";7;0;2;0;4;1;2;3;-21,55413799;-45,24499427;"SPRF-MG";"DEL16-MG";"UOP02-DEL16-MG"
654638;2025-01-12;"domingo";"10:00:00";"BA";116;273;"TUCANO";"Demais falhas mecï¿½nicas ou elï¿½tricas";"Tombamento";"Sem Vï¿½timas";"Pleno dia";"Crescente";"Chuva";"Simples";"Reta";"Nï¿½o";2;0;0;0;1;3;0;4;-10,953356;-38,795472;"SPRF-BA";"DEL07-BA";"UOP02-DEL07-BA"
654644;2025-01-12;"domingo";"05:30:00";"MG";251;431;"GRAO MOGOL";"Demais falhas mecï¿½nicas ou elï¿½tricas";"Incï¿½ndio";"Sem Vï¿½timas";"Amanhecer";"Decrescente";"Nublado";"Simples";"Reta";"Nï¿½o";2;0;0;0;1;1;0;2;-16,3602658;-43,16619819;"SPRF-MG";"DEL12-MG";"UOP01-DEL12-MG"
654685;2025-01-12;"domingo";"06:45:00";"BA";116;242;"QUIJINGUE";"Acostamento em desnï¿½vel";"Saï¿½da de leito carroï¿½ï¿½vel";"Com Vï¿½timas Feridas";"Pleno dia";"Crescente";"Nublado";"Simples";"Declive";"Nï¿½o";5;0;4;0;0;1;4;2;-10,71037475;-38,92531448;"SPRF-BA";"DEL07-BA";"UOP03-DEL07-BA"
654686;2025-01-12;"domingo";"14:00:00";"AL";101;150;"JEQUIA DA PRAIA";"Ausï¿½ncia de reaï¿½ï¿½o do condutor";"Tombamento";"Com Vï¿½timas Feridas";"Pleno dia";"Crescente";"Cï¿½u Claro";"Dupla";"Curva;Aclive";"Nï¿½o";2;0;1;0;0;2;1;3;-9,89281265;-36,14986086;"SPRF-AL";"DEL02-AL";"UOP02-DEL02-AL"
654690;2025-01-12;"domingo";"18:30:00";"PR";116;118;"CURITIBA";"Reaï¿½ï¿½o tardia ou ineficiente do condutor";"Colisï¿½o com objeto";"Com Vï¿½timas Fatais";"Pleno dia";"Crescente";"Nublado";"Dupla";"Reta";"Sim";1;1;0;0;0;0;0;1;-25,54657438;-49,29173608;"SPRF-PR";"DEL01-PR";"UOP03-DEL01-PR"
654701;2025-01-12;"domingo";"17:15:00";"MS";267;566,1;"CARACOL";"Objeto estï¿½tico sobre o leito carroï¿½ï¿½vel";"Colisï¿½o com objeto";"Com Vï¿½timas Feridas";"Pleno dia";"Crescente";"Cï¿½u Claro";"Simples";"Aclive;Curva";"Nï¿½o";3;0;1;0;1;1;1;3;-21,71244716;-56,85395384;"SPRF-MS";"DEL05-MS";"UOP01-DEL05-MS"
654705;2025-01-12;"domingo";"08:00:00";"BA";101;201;"GOVERNADOR MANGABEIRA";"Reaï¿½ï¿½o tardia ou ineficiente do condutor";"Tombamento";"Sem Vï¿½timas";"Pleno dia";"Crescente";"Chuva";"Dupla";"Curva;Aclive";"Nï¿½o";1;0;0;0;1;0;0;1;-12,5956853;-38,9920992;"SPRF-BA";"DEL01-BA";"UOP03-DEL01-BA"
654711;2025-01-12;"domingo";"20:30:00";"MG";153;94;"PRATA";"Acumulo de ï¿½gua sobre o pavimento";"Saï¿½da de leito carroï¿½ï¿½vel";"Com Vï¿½timas Feridas";"Plena Noite";"Decrescente";"Nublado";"Simples";"Declive;Reta";"Nï¿½o";4;0;1;0;3;0;1;1;-19,17736794;-48,95075187;"SPRF-MG";"DEL15-MG";"UOP03-DEL15-MG"
654714;2025-01-12;"domingo";"20:50:00";"RN";304;95,5;"ACU";"Condutor Dormindo";"Colisï¿½o frontal";"Com Vï¿½timas Feridas";"Plena Noite";"Decrescente";"Cï¿½u Claro";"Simples";"Reta";"Nï¿½o";5;0;2;0;1;2;2;4;-5,55479419;-37,06347713;"SPRF-RN";"DEL04-RN";"UOP01-DEL04-RN"
654729;2025-01-12;"domingo";"20:50:00";"SP";116;411;"JUQUIA";"Ausï¿½ncia de reaï¿½ï¿½o do condutor";"Colisï¿½o traseira";"Com Vï¿½timas Feridas";"Plena Noite";"Decrescente";"Cï¿½u Claro";"Dupla";"Reta";"Nï¿½o";4;0;1;0;2;1;1;4;-24,33308537;-47,60360609;"SPRF-SP";"DEL05-SP";"UOP01-DEL05-SP"
654736;2025-01-12;"domingo";"21:45:00";"PR";376;288,5;"MAUA DA SERRA";"Reaï¿½ï¿½o tardia ou ineficiente do condutor";"Tombamento";"Com Vï¿½timas Fatais";"Plena Noite";"Crescente";"Cï¿½u Claro";"Dupla";"Reta";"Nï¿½o";4;1;0;1;1;1;1;3;-23,884;-51,243;"SPRF-PR";"DEL07-PR";"UOP02-DEL07-PR"
654737;2025-01-12;"domingo";"22:06:00";"MT";364;119;"RONDONOPOLIS";"Ausï¿½ncia de reaï¿½ï¿½o do condutor";"Saï¿½da de leito carroï¿½ï¿½vel";"Com Vï¿½timas Feridas";"Plena Noite";"Crescente";"Cï¿½u Claro";"Dupla";"Rotatï¿½ria;Interseï¿½ï¿½o de Vias";"Sim";3;0;2;0;0;1;2;3;-16,49200358;-54,64681886;"SPRF-MT";"DEL02-MT";"UOP02-DEL02-MT"
654741;2025-01-12;"domingo";"23:40:00";"ES";101;64;"SAO MATEUS";"Ingestï¿½o de ï¿½lcool pelo condutor";"Colisï¿½o frontal";"Com Vï¿½timas Feridas";"Plena Noite";"Crescente";"Garoa/Chuvisco";"Simples";"Reta";"Nï¿½o";3;0;1;0;1;2;1;4;-18,70428583;-39,87065983;"SPRF-ES";"DEL04-ES";"UOP02-DEL04-ES"
654746;2025-01-12;"domingo";"22:05:00";"MG";116;222;"CATUJI";"Velocidade Incompatï¿½vel";"Saï¿½da de leito carroï¿½ï¿½vel";"Com Vï¿½timas Feridas";"Plena Noite";"Decrescente";"Cï¿½u Claro";"Simples";"Declive;Curva";"Nï¿½o";2;0;1;0;0;2;1;3;-17,42343294;-41,51418802;"SPRF-MG";"DEL11-MG";"UOP01-DEL11-MG"
654750;2025-01-13;"segunda-feira";"00:00:00";"PR";376;436,2;"TIBAGI";"Ausï¿½ncia de reaï¿½ï¿½o do condutor";"Colisï¿½o traseira";"Com Vï¿½timas Feridas";"Plena Noite";"Crescente";"Cï¿½u Claro";"Dupla";"Aclive;Reta";"Nï¿½o";3;0;0;1;1;2;1;4;-24,83716196;-50,47643585;"SPRF-PR";"DEL03-PR";"UOP02-DEL03-PR"
654757;2025-01-12;"domingo";"21:00:00";"MT";364;470;"JANGADA";"Ingestï¿½o de ï¿½lcool pelo condutor";"Saï¿½da de leito carroï¿½ï¿½vel";"Sem Vï¿½timas";"Plena Noite";"Crescente";"Nublado";"Simples";"Curva";"Nï¿½o";2;0;0;0;1;3;0;4;-15,4077;-56,36441;"SPRF-MT";"DEL01-MT";"UOP02-DEL01-MT"
654761;2025-01-12;"domingo";"22:30:00";"RO";364;310,8;"PRESIDENTE MEDICI";"Reaï¿½ï¿½o tardia ou ineficiente do condutor";"Colisï¿½o traseira";"Com Vï¿½timas Feridas";"Plena Noite";"Decrescente";"Cï¿½u Claro";"Simples";"Reta";"Nï¿½o";2;0;1;0;1;0;1;2;-11,154387;-61,90159;"SPRF-RO";"DEL02-RO";"UOP01-DEL02-RO"
654764;2025-01-13;"segunda-feira";"04:00:00";"GO";153;245,5;"SAO LUIZ DO NORTE";"Ausï¿½ncia de reaï¿½ï¿½o do condutor";"Colisï¿½o transversal";"Com Vï¿½timas Fatais";"Plena Noite";"Crescente";"Nevoeiro/Neblina";"Simples";"Retorno Regulamentado;Reta";"Nï¿½o";8;3;0;2;1;3;2;5;-14,877201;-49,33485;"SPRF-GO";"DEL07-GO";"UOP02-DEL07-GO"
654766;2025-01-13;"segunda-feira";"01:50:00";"PB";230;426;"POMBAL";"Ausï¿½ncia de reaï¿½ï¿½o do condutor";"Tombamento";"Com Vï¿½timas Fatais";"Plena Noite";"Decrescente";"Cï¿½u Claro";"Simples";"Reta";"Nï¿½o";5;1;0;1;1;4;1;6;-6,73543;-37,919822;"SPRF-PB";"DEL03-PB";"UOP02-DEL03-PB"
654768;2025-01-13;"segunda-feira";"05:10:00";"PB";230;70,5;"SOBRADO";"Ausï¿½ncia de reaï¿½ï¿½o do condutor";"Colisï¿½o lateral mesmo sentido";"Com Vï¿½timas Feridas";"Amanhecer";"Decrescente";"Nublado";"Dupla";"Reta;Declive";"Sim";50;0;1;0;49;0;1;2;-7,191693;-35,230508;"SPRF-PB";"DEL01-PB";"UOP02-DEL01-PB"
654771;2025-01-13;"segunda-feira";"00:30:00";"PR";163;53,2;"PRANCHITA";"Velocidade Incompatï¿½vel";"Tombamento";"Com Vï¿½timas Fatais";"Plena Noite";"Crescente";"Cï¿½u Claro";"Simples";"Curva;Declive";"Nï¿½o";2;1;0;0;0;1;0;2;-25,925145;-53,750822;"SPRF-PR";"DEL02-PR";"UOP02-DEL02-PR"
654782;2025-01-13;"segunda-feira";"00:05:00";"RS";290;175,1;"BUTIA";"Reaï¿½ï¿½o tardia ou ineficiente do condutor";"Colisï¿½o traseira";"Com Vï¿½timas Feridas";"Plena Noite";"Decrescente";"Cï¿½u Claro";"Simples";"Reta";"Nï¿½o";3;0;2;0;1;0;2;2;-30,12950209;-51,9627142;"SPRF-RS";"DEL02-RS";"UOP03-DEL02-RS"
654799;2025-01-13;"segunda-feira";"07:15:00";"SC";470;174,8;"POUSO REDONDO";"Ausï¿½ncia de reaï¿½ï¿½o do condutor";"Colisï¿½o lateral mesmo sentido";"Sem Vï¿½timas";"Pleno dia";"Crescente";"Nublado";"Simples";"Interseï¿½ï¿½o de Vias;Reta";"Sim";6;0;0;0;5;1;0;3;-27,256003;-49,93940592;"SPRF-SC";"DEL04-SC";"UOP02-DEL04-SC"
654807;2025-01-12;"domingo";"19:00:00";"BA";116;302;"TUCANO";"Condutor Dormindo";"Saï¿½da de leito carroï¿½ï¿½vel";"Com Vï¿½timas Feridas";"Plena Noite";"Crescente";"Cï¿½u Claro";"Simples";"Reta";"Nï¿½o";2;0;1;0;0;1;1;2;-11,19154404;-38,86778691;"SPRF-BA";"DEL07-BA";"UOP02-DEL07-BA"
654810;2025-01-13;"segunda-feira";"07:40:00";"RJ";101;556;"PARATY";"Transitar na contramï¿½o";"Colisï¿½o lateral sentido oposto";"Com Vï¿½timas Feridas";"Pleno dia";"Crescente";"Cï¿½u Claro";"Simples";"Curva";"Nï¿½o";2;0;0;1;1;0;1;2;-23,08971994;-44,69384193;"SPRF-RJ";"DEL03-RJ";"UOP04-DEL03-RJ"
654811;2025-01-13;"segunda-feira";"07:30:00";"MG";365;76,6;"JEQUITAI";"Velocidade Incompatï¿½vel";"Capotamento";"Com Vï¿½timas Fatais";"Amanhecer";"Crescente";"Nublado";"Simples";"Reta";"Nï¿½o";3;1;0;0;1;3;0;5;-17,18107982;-44,42673633;"SPRF-MG";"DEL12-MG";"UOP01-DEL12-MG"
654812;2025-01-13;"segunda-feira";"09:10:00";"MG";381;351,5;"JOAO MONLEVADE";"Pista Escorregadia";"Colisï¿½o frontal";"Com Vï¿½timas Feridas";"Pleno dia";"Crescente";"Chuva";"Simples";"Curva;Aclive";"Nï¿½o";3;0;0;1;1;2;1;4;-19,84644336;-43,16611234;"SPRF-MG";"DEL03-MG";"UOP01-DEL03-MG"
654813;2025-01-13;"segunda-feira";"08:15:00";"PB";230;125,4;"RIACHAO DO BACAMARTE";"Reaï¿½ï¿½o tardia ou ineficiente do condutor";"Colisï¿½o traseira";"Com Vï¿½timas Feridas";"Pleno dia";"Crescente";"Nublado";"Dupla";"Reta";"Nï¿½o";4;0;0;1;3;0;1;2;-7,2498;-35,6827;"SPRF-PB";"DEL02-PB";"UOP01-DEL02-PB"
654814;2025-01-13;"segunda-feira";"08:20:00";"PR";376;603,1;"CURITIBA";"Velocidade Incompatï¿½vel";"Colisï¿½o lateral mesmo sentido";"Com Vï¿½timas Feridas";"Pleno dia";"Decrescente";"Cï¿½u Claro";"Dupla";"Reta";"Sim";4;0;1;0;2;1;1;4;-25,52998866;-49,32587495;"SPRF-PR";"DEL01-PR";"UOP06-DEL01-PR"
654815;2025-01-13;"segunda-feira";"06:41:00";"PR";277;583;"CASCAVEL";"Reaï¿½ï¿½o tardia ou ineficiente do condutor";"Colisï¿½o traseira";"Com Vï¿½timas Feridas";"Pleno dia";"Decrescente";"Cï¿½u Claro";"Simples";"Reta";"Sim";3;0;0;1;1;2;1;4;-24,97151869;-53,39500308;"SPRF-PR";"DEL04-PR";"UOP01-DEL04-PR"
654816;2025-01-13;"segunda-feira";"08:40:00";"RJ";393;269,9;"BARRA DO PIRAI";"Velocidade Incompatï¿½vel";"Colisï¿½o frontal";"Com Vï¿½timas Fatais";"Pleno dia";"Decrescente";"Chuva";"Simples";"Curva";"Nï¿½o";3;1;0;0;1;1;0;3;-22,482791;-43,957907;"SPRF-RJ";"DEL05-RJ";"UOP04-DEL05-RJ"
654819;2025-01-09;"quinta-feira";"23:00:00";"SC";101;101;"BARRA VELHA";"Acessar a via sem observar a presenï¿½a dos outros veï¿½culos";"Colisï¿½o transversal";"Com Vï¿½timas Feridas";"Plena Noite";"Crescente";"Nublado";"Mï¿½ltipla";"Interseï¿½ï¿½o de Vias";"Nï¿½o";2;0;1;0;1;0;1;2;-26,76404198;-48,68657667;"SPRF-SC";"DEL03-SC";"UOP02-DEL03-SC"
654820;2025-01-12;"domingo";"06:20:00";"BA";116;442;"FEIRA DE SANTANA";"Velocidade Incompatï¿½vel";"Saï¿½da de leito carroï¿½ï¿½vel";"Com Vï¿½timas Fatais";"Amanhecer";"Crescente";"Chuva";"Dupla";"Curva";"Nï¿½o";2;1;0;0;0;1;0;2;-12,33676101;-39,07328599;"SPRF-BA";"DEL02-BA";"UOP01-DEL02-BA"
654821;2025-01-13;"segunda-feira";"08:10:00";"SC";116;59;"PAPANDUVA";"Acessar a via sem observar a presenï¿½a dos outros veï¿½culos";"Colisï¿½o lateral mesmo sentido";"Sem Vï¿½timas";"Pleno dia";"Decrescente";"Cï¿½u Claro";"Simples";"Reta";"Nï¿½o";2;0;0;0;2;0;0;2;-26,37933149;-50,20775008;"SPRF-SC";"DEL06-SC";"UOP02-DEL06-SC"
654822;2025-01-13;"segunda-feira";"07:10:00";"RS";158;435,5;"SAO GABRIEL";"Condutor Dormindo";"Colisï¿½o frontal";"Com Vï¿½timas Fatais";"Pleno dia";"Crescente";"Cï¿½u Claro";"Simples";"Curva";"Nï¿½o";3;1;0;0;1;2;0;4;-30,15741183;-54,68020539;"SPRF-RS";"DEL11-RS";"UOP02-DEL11-RS"
654826;2025-01-13;"segunda-feira";"04:29:00";"RO";364;500;"ARIQUEMES";"Reaï¿½ï¿½o tardia ou ineficiente do condutor";"Saï¿½da de leito carroï¿½ï¿½vel";"Com Vï¿½timas Feridas";"Amanhecer";"Crescente";"Garoa/Chuvisco";"Simples";"Reta";"Nï¿½o";1;0;1;0;0;0;1;1;-10,03031535;-62,98144529;"SPRF-RO";"DEL03-RO";"UOP01-DEL03-RO"
654840;2025-01-13;"segunda-feira";"08:40:00";"PR";369;375;"MAMBORE";"Reaï¿½ï¿½o tardia ou ineficiente do condutor";"Colisï¿½o lateral sentido oposto";"Com Vï¿½timas Feridas";"Pleno dia";"Decrescente";"Cï¿½u Claro";"Simples";"Reta;Declive";"Nï¿½o";3;0;1;0;1;1;1;3;-24,283548;-52,550054;"SPRF-PR";"DEL04-PR";"UOP03-DEL04-PR"