"id";"data_inversa";"dia_semana";"horario";"uf";"br";"km";"municipio";"causa_acidente";"tipo_acidente";"classificacao_acidente";"fase_dia";"sentido_via";"condicao_metereologica";"tipo_pista";"tracado_via";"uso_solo";"pessoas";"mortos";"feridos_leves";"feridos_graves";"ilesos";"ignorados";"feridos";"veiculos";"latitude";"longitude";"regional";"delegacia";"uop"
654847;2025-01-13;"segunda-feira";"12:45:00";"PB";230;199,8;"POCINHOS";"Velocidade Incompatï¿½vel";"Saï¿½da de leito carroï¿½ï¿½vel";"Com Vï¿½timas Feridas";"Pleno dia";"Decrescente";"Cï¿½u Claro";"Simples";"Reta";"Nï¿½o";3;0;3;0;0;0;3;1;-7,1073;-36,2281;"SPRF-PB";"DEL02-PB";"UOP02-DEL02-PB"
654860;2025-01-13;"segunda-feira";"11:20:00";"PE";232;297,1;"SERTANIA";"Condutor Dormindo";"Colisï¿½o frontal";"Com Vï¿½timas Feridas";"Pleno dia";"Crescente";"Cï¿½u Claro";"Simples";"Curva";"Nï¿½o";3;0;0;1;1;1;1;3;-8,25823213;-37,39521225;"SPRF-PE";"DEL04-PE";"UOP02-DEL04-PE"
654861;2025-01-13;"segunda-feira";"09:00:00";"BA";116;898;"CANDIDO SALES";"Condutor deixou de manter distï¿½ncia do veï¿½culo da frente";"Saï¿½da de leito carroï¿½ï¿½vel";"Com Vï¿½timas Feridas";"Pleno dia";"Decrescente";"Chuva";"Simples";"Reta;Declive";"Nï¿½o";2;0;1;0;0;1;1;2;-15,425924;-41,218023;"SPRF-BA";"DEL08-BA";"UOP03-DEL08-BA"
654862;2025-01-13;"segunda-feira";"11:51:00";"MG";50;107,1;"UBERABA";"Pedestre andava na pista";"Atropelamento de Pedestre";"Com Vï¿½timas Fatais";"Pleno dia";"Decrescente";"Nublado";"Dupla";"Reta";"Nï¿½o";3;1;0;0;1;1;0;3;-19,19728496;-48,15250484;"SPRF-MG";"DEL13-MG";"UOP01-DEL13-MG"
654863;2025-01-13;"segunda-feira";"14:15:00";"RS";468;103,6;"TRES PASSOS";"Transitar na contramï¿½o";"Colisï¿½o lateral sentido oposto";"Com Vï¿½timas Feridas";"Pleno dia";"Crescente";"Cï¿½u Claro";"Simples";"Declive;Reta";"Sim";2;0;1;0;1;0;1;2;-27,45988509;-53,94123008;"SPRF-RS";"DEL08-RS";"UOP02-DEL08-RS"
654867;2025-01-13;"segunda-feira";"13:00:00";"MT";158;551;"AGUA BOA";"Reaï¿½ï¿½o tardia ou ineficiente do condutor";"Tombamento";"Com Vï¿½timas Feridas";"Pleno dia";"Crescente";"Garoa/Chuvisco";"Simples";"Reta";"Nï¿½o";2;0;1;0;0;1;1;2;-13,91987321;-52,09374055;"SPRF-MT";"DEL07-MT";"UOP02-DEL07-MT"
654870;2025-01-13;"segunda-feira";"12:18:00";"MG";262;59,6;"MANHUACU";"Ausï¿½ncia de reaï¿½ï¿½o do condutor";"Saï¿½da de leito carroï¿½ï¿½vel";"Com Vï¿½timas Feridas";"Pleno dia";"Decrescente";"Chuva";"Simples";"Curva";"Nï¿½o";2;0;0;1;0;1;1;2;-20,28276197;-42,20329303;"SPRF-MG";"DEL06-MG";"UOP03-DEL06-MG"
654883;2025-01-13;"segunda-feira";"15:30:00";"MG";381;484,5;"BETIM";"Acessar a via sem observar a presenï¿½a dos outros veï¿½culos";"Colisï¿½o lateral mesmo sentido";"Sem Vï¿½timas";"Pleno dia";"Crescente";"Cï¿½u Claro";"Simples";"Reta";"Sim";4;0;0;0;3;1;0;3;-19,95531717;-44,11722196;"SPRF-MG";"DEL01-MG";"UOP03-DEL01-MG"
654890;2025-01-13;"segunda-feira";"14:30:00";"MG";365;198;"BURITIZEIRO";"Acumulo de ï¿½gua sobre o pavimento";"Saï¿½da de leito carroï¿½ï¿½vel";"Com Vï¿½timas Feridas";"Pleno dia";"Decrescente";"Chuva";"Simples";"Reta";"Nï¿½o";2;0;1;0;0;1;1;2;-17,49491595;-45,21378906;"SPRF-MG";"DEL10-MG";"UOP02-DEL010-MG"
654891;2025-01-13;"segunda-feira";"17:00:00";"SC";101;142;"ITAPEMA";"Trafegar com motocicleta (ou similar) entre as faixas";"Colisï¿½o lateral mesmo sentido";"Com Vï¿½timas Feridas";"Pleno dia";"Crescente";"Nublado";"Dupla";"Reta";"Sim";2;0;1;0;0;1;1;2;-27,056089;-48,599449;"SPRF-SC";"DEL04-SC";"UOP03-DEL04-SC"
654892;2025-01-13;"segunda-feira";"14:49:00";"PR";280;293,5;"FLOR DA SERRA DO SUL";"Desrespeitar a preferï¿½ncia no cruzamento";"Colisï¿½o transversal";"Com Vï¿½timas Feridas";"Pleno dia";"Crescente";"Sol";"Simples";"Reta;Interseï¿½ï¿½o de Vias";"Nï¿½o";9;0;1;2;5;3;3;6;-26,25026574;-53,33540044;"SPRF-PR";"DEL02-PR";"UOP01-DEL02-PR"
654898;2025-01-13;"segunda-feira";"16:00:00";"RO";364;117;"PIMENTA BUENO";"Ultrapassagem Indevida";"Colisï¿½o lateral mesmo sentido";"Com Vï¿½timas Feridas";"Pleno dia";"Crescente";"Chuva";"Simples";"Reta;Aclive";"Nï¿½o";7;0;1;0;5;2;1;4;-12,148638;-60,719808;"SPRF-RO";"DEL02-RO";"UOP02-DEL02-RO"
654904;2025-01-13;"segunda-feira";"16:30:00";"MG";153;98;"PRATA";"Ausï¿½ncia de reaï¿½ï¿½o do condutor";"Colisï¿½o traseira";"Com Vï¿½timas Feridas";"Pleno dia";"Decrescente";"Chuva";"Simples";"Declive;Reta;Ponte";"Nï¿½o";5;0;1;1;1;3;2;5;-19,21129908;-48,93783422;"SPRF-MG";"DEL15-MG";"UOP03-DEL15-MG"
654910;2025-01-13;"segunda-feira";"17:50:00";"PR";376;674;"GUARATUBA";"Acostamento em desnï¿½vel";"Saï¿½da de leito carroï¿½ï¿½vel";"Com Vï¿½timas Feridas";"Pleno dia";"Crescente";"Nublado";"Dupla";"Reta";"Nï¿½o";1;0;1;0;0;0;1;1;-25,90851198;-48,92070682;"SPRF-PR";"DEL01-PR";"UOP04-DEL01-PR"
654911;2025-01-13;"segunda-feira";"18:10:00";"SE";101;201,6;"CRISTINAPOLIS";"Chuva";"Colisï¿½o traseira";"Com Vï¿½timas Feridas";"Plena Noite";"Decrescente";"Chuva";"Simples";"Reta";"Nï¿½o";2;0;0;1;0;1;1;2;-11,49070496;-37,77641305;"SPRF-SE";"DEL02-SE";"UOP03-DEL02-SE"
654912;2025-01-13;"segunda-feira";"16:10:00";"GO";153;508,3;"GOIANIA";"Condutor deixou de manter distï¿½ncia do veï¿½culo da frente";"Colisï¿½o traseira";"Com Vï¿½timas Feridas";"Pleno dia";"Decrescente";"Chuva";"Dupla";"Ponte;Declive;Curva";"Sim";3;0;1;0;1;1;1;3;-16,7804;-49,2371;"SPRF-GO";"DEL01-GO";"UOP03-DEL01-GO"
654926;2025-01-12;"domingo";"10:45:00";"PE";407;42;"AFRANIO";"Ausï¿½ncia de reaï¿½ï¿½o do condutor";"Colisï¿½o com objeto";"Sem Vï¿½timas";"Pleno dia";"Crescente";"Garoa/Chuvisco";"Simples";"Reta";"Nï¿½o";2;0;0;0;1;1;0;2;-8,75520116;-40,89544727;"SPRF-PE";"DEL06-PE";"UOP02-DEL06-PE"
654933;2025-01-13;"segunda-feira";"20:00:00";"MT";364;400;"CUIABA";"Estacionar ou parar em local proibido";"Colisï¿½o traseira";"Com Vï¿½timas Feridas";"Plena Noite";"Crescente";"Nublado";"Dupla";"Reta";"Sim";3;0;1;0;1;3;1;5;-15,67565189;-55,93822495;"SPRF-MT";"DEL01-MT";"UOP02-DEL01-MT"
654934;2025-01-13;"segunda-feira";"20:10:00";"BA";116;810;"VITORIA DA CONQUISTA";"Condutor deixou de manter distï¿½ncia do veï¿½culo da frente";"Colisï¿½o traseira";"Com Vï¿½timas Feridas";"Plena Noite";"Crescente";"Nublado";"Simples";"Reta";"Nï¿½o";2;0;1;0;0;1;1;2;-14,75189084;-40,68129309;"SPRF-BA";"DEL08-BA";"UOP01-DEL08-BA"
654953;2025-01-13;"segunda-feira";"21:30:00";"MG";40;137,8;"JOAO PINHEIRO";"Velocidade Incompatï¿½vel";"Colisï¿½o frontal";"Com Vï¿½timas Feridas";"Plena Noite";"Crescente";"Chuva";"Simples";"Reta;Aclive";"Nï¿½o";6;0;2;3;1;0;5;3;-17,72382989;-46,22254698;"SPRF-MG";"DEL14-MG";"UOP01-DEL14-MG"
654967;2025-01-14;"terï¿½a-feira";"06:30:00";"MG";40;662,8;"CARANDAI";"Reaï¿½ï¿½o tardia ou ineficiente do condutor";"Colisï¿½o frontal";"Com Vï¿½timas Fatais";"Pleno dia";"Crescente";"Garoa/Chuvisco";"Simples";"Declive;Reta";"Nï¿½o";7;5;1;1;0;0;2;2;-20,922953;-43,821786;"SPRF-MG";"DEL05-MG";"UOP02-DEL05-MG"
654973;2025-01-14;"terï¿½a-feira";"06:00:00";"PR";277;230;"TEIXEIRA SOARES";"Manobra de mudanï¿½a de faixa";"Colisï¿½o com objeto";"Com Vï¿½timas Feridas";"Pleno dia";"Decrescente";"Cï¿½u Claro";"Simples";"Declive;Reta";"Nï¿½o";5;0;2;0;2;4;2;7;-25,466405;-50,46313292;"SPRF-PR";"DEL08-PR";"UOP02-DEL08-PR"
654974;2025-01-14;"terï¿½a-feira";"06:15:00";"PB";101;85,4;"BAYEUX";"Acessar a via sem observar a presenï¿½a dos outros veï¿½culos";"Engavetamento";"Com Vï¿½timas Fatais";"Pleno dia";"Crescente";"Chuva";"Dupla";"Reta";"Sim";5;1;1;3;0;0;4;3;-7,1476653;-34,9141057;"SPRF-PB";"DEL01-PB";"UOP01-DEL01-PB"
654989;2025-01-14;"terï¿½a-feira";"05:00:00";"MG";40;713;"BARBACENA";"Reaï¿½ï¿½o tardia ou ineficiente do condutor";"Colisï¿½o com objeto";"Com Vï¿½timas Feridas";"Amanhecer";"Crescente";"Nublado";"Dupla";"Curva";"Nï¿½o";1;0;0;1;0;0;1;1;-21,24464947;-43,68824244;"SPRF-MG";"DEL05-MG";"UOP02-DEL05-MG"
654991;2025-01-14;"terï¿½a-feira";"06:00:00";"MT";70;285;"PRIMAVERA DO LESTE";"Acostamento em desnï¿½vel";"Saï¿½da de leito carroï¿½ï¿½vel";"Com Vï¿½timas Feridas";"Amanhecer";"Decrescente";"Garoa/Chuvisco";"Simples";"Declive;Reta";"Sim";2;0;1;0;0;2;1;3;-15,57491699;-54,340294;"SPRF-MT";"DEL05-MT";"UOP01-DEL05-MT"
655001;2025-01-14;"terï¿½a-feira";"09:16:00";"MG";116;117;"ITAOBIM";"Acessar a via sem observar a presenï¿½a dos outros veï¿½culos";"Colisï¿½o transversal";"Com Vï¿½timas Feridas";"Pleno dia";"Decrescente";"Nublado";"Simples";"Interseï¿½ï¿½o de Vias";"Sim";8;0;0;2;5;1;2;4;-16,57411225;-41,50497449;"SPRF-MG";"DEL11-MG";"UOP02-DEL11-MG"
655003;2025-01-14;"terï¿½a-feira";"09:10:00";"CE";116;40;"HORIZONTE";"Demais falhas mecï¿½nicas ou elï¿½tricas";"Colisï¿½o com objeto";"Sem Vï¿½timas";"Pleno dia";"Crescente";"Nublado";"Dupla";"Curva";"Sim";1;0;0;0;1;0;0;1;-4,09496999;-38,50351984;"SPRF-CE";"DEL01-CE";"UOP02-DEL01-CE"
655006;2025-01-14;"terï¿½a-feira";"04:35:00";"PR";153;114,1;"IBAITI";"Manobra de mudanï¿½a de faixa";"Colisï¿½o frontal";"Com Vï¿½timas Fatais";"Plena Noite";"Decrescente";"Cï¿½u Claro";"Simples";"Reta";"Nï¿½o";2;1;0;1;0;0;1;2;-23,88704983;-50,20290258;"SPRF-PR";"DEL07-PR";"UOP04-DEL07-PR"
655007;2025-01-14;"terï¿½a-feira";"09:00:00";"RS";116;248;"SAO LEOPOLDO";"Ausï¿½ncia de reaï¿½ï¿½o do condutor";"Colisï¿½o traseira";"Com Vï¿½timas Feridas";"Pleno dia";"Decrescente";"Cï¿½u Claro";"Dupla";"Reta";"Sim";4;0;1;0;1;2;1;4;-29,77951986;-51,15704298;"SPRF-RS";"DEL01-RS";"UOP02-DEL01-RS"
655014;2025-01-06;"segunda-feira";"19:00:00";"RJ";116;245;"PIRAI";"Mal sï¿½bito do condutor";"Saï¿½da de leito carroï¿½ï¿½vel";"Com Vï¿½timas Feridas";"Plena Noite";"Crescente";"Garoa/Chuvisco";"Dupla";"Aclive;Reta";"Nï¿½o";2;0;1;0;0;1;1;2;-22,62040692;-43,92593694;"SPRF-RJ";"DEL07-RJ";"UOP01-DEL07-RJ"
655016;2025-01-14;"terï¿½a-feira";"08:00:00";"RJ";101;294;"ITABORAI";"Ausï¿½ncia de reaï¿½ï¿½o do condutor";"Colisï¿½o lateral mesmo sentido";"Com Vï¿½timas Feridas";"Pleno dia";"Crescente";"Nublado";"Dupla";"Reta";"Sim";2;0;1;0;1;0;1;2;-22,7584434;-42,89502344;"SPRF-RJ";"DEL02-RJ";"UOP02-DEL02-RJ"
655017;2025-01-14;"terï¿½a-feira";"09:55:00";"SE";101;96,7;"SAO CRISTOVAO";"Reaï¿½ï¿½o tardia ou ineficiente do condutor";"Saï¿½da de leito carroï¿½ï¿½vel";"Com Vï¿½timas Feridas";"Pleno dia";"Decrescente";"Nublado";"Dupla";"Reta";"Nï¿½o";3;0;0;3;0;0;3;1;-10,921125;-37,172163;"SPRF-SE";"DEL02-SE";"UOP01-DEL02-SE"
655021;2025-01-14;"terï¿½a-feira";"06:57:00";"MT";163;831;"SINOP";"Condutor deixou de manter distï¿½ncia do veï¿½culo da frente";"Colisï¿½o lateral mesmo sentido";"Com Vï¿½timas Feridas";"Pleno dia";"Decrescente";"Nublado";"Simples";"Retorno Regulamentado";"Sim";4;0;1;0;2;2;1;4;-11,89182108;-55,5032534;"SPRF-MT";"DEL06-MT";"UOP02-DEL06-MT"
655022;2025-01-14;"terï¿½a-feira";"11:45:00";"GO";60;0,4;"SANTO ANTONIO DO DESCOBERTO";"Reaï¿½ï¿½o tardia ou ineficiente do condutor";"Saï¿½da de leito carroï¿½ï¿½vel";"Com Vï¿½timas Feridas";"Pleno dia";"Crescente";"Garoa/Chuvisco";"Dupla";"Declive;Reta";"Sim";1;0;1;0;0;0;1;1;-16,055555;-48,261317;"SPRF-DF";"DEL03-DF";"UOP01-DEL03-DF"
655023;2025-01-14;"terï¿½a-feira";"11:30:00";"RS";285;319,8;"PASSO FUNDO";"Condutor Dormindo";"Saï¿½da de leito carroï¿½ï¿½vel";"Com Vï¿½timas Feridas";"Pleno dia";"Decrescente";"Cï¿½u Claro";"Dupla";"Reta";"Nï¿½o";2;0;2;0;0;0;2;1;-28,269007;-52,610687;"SPRF-RS";"DEL08-RS";"UOP03-DEL08-RS"
655026;2025-01-14;"terï¿½a-feira";"10:30:00";"BA";116;672;"JEQUIE";"Acessar a via sem observar a presenï¿½a dos outros veï¿½culos";"Colisï¿½o transversal";"Sem Vï¿½timas";"Pleno dia";"Crescente";"Cï¿½u Claro";"Simples";"Reta;Retorno Regulamentado";"Sim";7;0;0;0;5;2;0;4;-13,79970305;-40,11130458;"SPRF-BA";"DEL03-BA";"UOP01-DEL03-BA"
655028;2025-01-14;"terï¿½a-feira";"10:39:00";"BA";116;683;"JEQUIE";"Manobra de mudanï¿½a de faixa";"Colisï¿½o lateral sentido oposto";"Com Vï¿½timas Feridas";"Pleno dia";"Decrescente";"Cï¿½u Claro";"Simples";"Curva";"Nï¿½o";4;0;1;0;2;2;1;5;-13,87769527;-40,13464153;"SPRF-BA";"DEL03-BA";"UOP01-DEL03-BA"
655041;2025-01-14;"terï¿½a-feira";"09:15:00";"PR";373;274;"PRUDENTOPOLIS";"Reaï¿½ï¿½o tardia ou ineficiente do condutor";"Saï¿½da de leito carroï¿½ï¿½vel";"Com Vï¿½timas Feridas";"Pleno dia";"Decrescente";"Cï¿½u Claro";"Simples";"Reta";"Nï¿½o";1;0;1;0;0;0;1;1;-25,25079972;-51,05699658;"SPRF-PR";"DEL08-PR";"UOP01-DEL08-PR"
655055;2025-01-14;"terï¿½a-feira";"12:50:00";"SC";163;86,2;"GUARACIABA";"Condutor deixou de manter distï¿½ncia do veï¿½culo da frente";"Colisï¿½o traseira";"Com Vï¿½timas Feridas";"Pleno dia";"Decrescente";"Chuva";"Simples";"Reta";"Sim";6;0;4;0;2;0;4;2;-26,59874014;-53,51491982;"SPRF-SC";"DEL07-SC";"UOP03-DEL07-SC"
655058;2025-01-14;"terï¿½a-feira";"14:00:00";"RJ";101;425;"MANGARATIBA";"Ausï¿½ncia de reaï¿½ï¿½o do condutor";"Colisï¿½o transversal";"Com Vï¿½timas Feridas";"Pleno dia";"Decrescente";"Nublado";"Simples";"Interseï¿½ï¿½o de Vias";"Nï¿½o";5;0;3;0;2;0;3;2;-22,92618815;-43,96323294;"SPRF-RJ";"DEL03-RJ";"UOP02-DEL03-RJ"
655063;2025-01-14;"terï¿½a-feira";"09:25:00";"CE";226;209,7;"PEDRA BRANCA";"Demais falhas mecï¿½nicas ou elï¿½tricas";"Capotamento";"Com Vï¿½timas Feridas";"Pleno dia";"Crescente";"Nublado";"Simples";"Curva;Declive";"Nï¿½o";4;0;3;1;0;0;4;1;-5,51047006;-39,65265503;"SPRF-CE";"DEL02-CE";"UOP02-DEL02-CE"
655064;2025-01-14;"terï¿½a-feira";"13:30:00";"CE";222;163;"IRAUCUBA";"Velocidade Incompatï¿½vel";"Capotamento";"Com Vï¿½timas Feridas";"Pleno dia";"Decrescente";"Chuva";"Simples";"Curva";"Nï¿½o";1;0;1;0;0;0;1;1;-3,73219489;-39,90251996;"SPRF-CE";"DEL04-CE";"UOP03-DEL04-CE"
655068;2025-01-14;"terï¿½a-feira";"15:20:00";"SC";101;58,4;"ARAQUARI";"Manobra de mudanï¿½a de faixa";"Colisï¿½o lateral mesmo sentido";"Com Vï¿½timas Feridas";"Pleno dia";"Crescente";"Cï¿½u Claro";"Dupla";"Reta";"Nï¿½o";2;0;1;0;1;0;1;2;-26,44025049;-48,80129043;"SPRF-SC";"DEL03-SC";"UOP02-DEL03-SC"
655073;2025-01-11;"sï¿½bado";"16:33:00";"RS";470;157;"NOVA PRATA";"Ingestï¿½o de ï¿½lcool pelo condutor";"Colisï¿½o frontal";"Com Vï¿½timas Feridas";"Pleno dia";"Decrescente";"Cï¿½u Claro";"Dupla";"Curva;Declive";"Nï¿½o";5;0;2;0;3;0;2;2;-28,79507068;-51,61584453;"SPRF-RS";"DEL06-RS";"UOP02-DEL06-RS"
655074;2025-01-14;"terï¿½a-feira";"14:30:00";"SP";116;208;"GUARULHOS";"Reaï¿½ï¿½o tardia ou ineficiente do condutor";"Colisï¿½o traseira";"Com Vï¿½timas Feridas";"Pleno dia";"Decrescente";"Nublado";"Dupla";"Reta";"Sim";6;0;1;0;4;1;1;6;-23,42222263;-46,3932771;"SPRF-SP";"DEL01-SP";"UOP01-DEL01-SP"
655075;2025-01-14;"terï¿½a-feira";"14:00:00";"SP";116;206;"GUARULHOS";"Manobra de mudanï¿½a de faixa";"Queda de ocupante de veï¿½culo";"Com Vï¿½timas Fatais";"Pleno dia";"Decrescente";"Cï¿½u Claro";"Dupla";"Em Obras;Reta";"Sim";3;1;1;0;0;1;1;2;-23,41722629;-46,37510292;"SPRF-SP";"DEL01-SP";"UOP01-DEL01-SP"
655079;2025-01-14;"terï¿½a-feira";"15:45:00";"CE";222;308;"TIANGUA";"Acumulo de ï¿½gua sobre o pavimento";"Saï¿½da de leito carroï¿½ï¿½vel";"Sem Vï¿½timas";"Pleno dia";"Decrescente";"Chuva";"Dupla";"Reta";"Sim";3;0;0;0;2;1;0;2;-3,68901102;-40,97669036;"SPRF-CE";"DEL04-CE";"UOP02-DEL04-CE"
655080;2025-01-14;"terï¿½a-feira";"13:30:00";"MT";163;1110;"GUARANTA DO NORTE";"Reaï¿½ï¿½o tardia ou ineficiente do condutor";"Tombamento";"Com Vï¿½timas Feridas";"Pleno dia";"Decrescente";"Nublado";"Simples";"Curva;Declive";"Nï¿½o";2;0;0;1;0;1;1;2;-9,601411;-54,890879;"SPRF-MT";"DEL06-MT";"UOP03-DEL06-MT"
655090;2025-01-14;"terï¿½a-feira";"16:55:00";"MG";365;740;"ITUIUTABA";"Frear bruscamente";"Saï¿½da de leito carroï¿½ï¿½vel";"Com Vï¿½timas Feridas";"Pleno dia";"Decrescente";"Chuva";"Simples";"Declive";"Nï¿½o";1;0;1;0;0;0;1;1;-18,91231121;-49,37306898;"SPRF-MG";"DEL15-MG";"UOP03-DEL15-MG"
655101;2025-01-14;"terï¿½a-feira";"18:30:00";"SP";153;61,4;"SAO JOSE DO RIO PRETO";"Acessar a via sem observar a presenï¿½a dos outros veï¿½culos";"Colisï¿½o transversal";"Sem Vï¿½timas";"Anoitecer";"Crescente";"Cï¿½u Claro";"Dupla";"Reta";"Sim";3;0;0;0;2;2;0;4;-20,80502876;-49,35574909;"SPRF-SP";"DEL09-SP";"UOP01-DEL09-SP"
655106;2025-01-14;"terï¿½a-feira";"18:30:00";"SE";101;153;"ESTANCIA";"Deficiï¿½ncia do Sistema de Iluminaï¿½ï¿½o/Sinalizaï¿½ï¿½o";"Colisï¿½o lateral mesmo sentido";"Com Vï¿½timas Feridas";"Plena Noite";"Crescente";"Chuva";"Simples";"Reta;Ponte";"Nï¿½o";3;0;0;1;1;1;1;3;-11,27698008;-37,44948398;"SPRF-SE";"DEL02-SE";"UOP01-DEL02-SE"
655116;2025-01-07;"terï¿½a-feira";"06:30:00";"BA";101;551;"ARATACA";"Condutor Dormindo";"Saï¿½da de leito carroï¿½ï¿½vel";"Com Vï¿½timas Feridas";"Amanhecer";"Decrescente";"Cï¿½u Claro";"Simples";"Curva;Declive";"Nï¿½o";2;0;2;0;0;0;2;1;-15,28039697;-39,4750951;"SPRF-BA";"DEL05-BA";"UOP02-DEL05-BA"
655125;2025-01-14;"terï¿½a-feira";"20:10:00";"RS";290;119;"ELDORADO DO SUL";"Pedestre andava na pista";"Atropelamento de Pedestre";"Com Vï¿½timas Feridas";"Plena Noite";"Crescente";"Cï¿½u Claro";"Simples";"Reta";"Nï¿½o";2;0;1;0;1;0;1;2;-30,049431;-51,398045;"SPRF-RS";"DEL02-RS";"UOP01-DEL02-RS"
655134;2025-01-14;"terï¿½a-feira";"14:48:00";"MT";364;471;"ACORIZAL";"Ausï¿½ncia de reaï¿½ï¿½o do condutor";"Saï¿½da de leito carroï¿½ï¿½vel";"Com Vï¿½timas Feridas";"Pleno dia";"Decrescente";"Nublado";"Simples";"Reta";"Nï¿½o";2;0;1;0;0;1;1;2;-15,40465;-56,37271;"SPRF-MT";"DEL01-MT";"UOP02-DEL01-MT"
655135;2025-01-14;"terï¿½a-feira";"19:50:00";"BA";101;725;"EUNAPOLIS";"Curva acentuada";"Saï¿½da de leito carroï¿½ï¿½vel";"Com Vï¿½timas Feridas";"Plena Noite";"Crescente";"Chuva";"Simples";"Curva;Declive";"Nï¿½o";1;0;0;1;0;0;1;1;-16,41550326;-39,58614349;"SPRF-BA";"DEL09-BA";"UOP01-DEL09-BA"
655136;2025-01-14;"terï¿½a-feira";"22:25:00";"MG";50;153;"UBERABA";"Reaï¿½ï¿½o tardia ou ineficiente do condutor";"Colisï¿½o traseira";"Com Vï¿½timas Feridas";"Plena Noite";"Crescente";"Nublado";"Dupla";"Reta;Aclive";"Nï¿½o";3;0;1;0;1;1;1;3;-19,59125905;-48,02849514;"SPRF-MG";"DEL13-MG";"UOP01-DEL13-MG"
655143;2025-01-14;"terï¿½a-feira";"20:00:00";"BA";242;629;"MUQUEM DE SAO FRANCISCO";"Chuva";"Colisï¿½o frontal";"Com Vï¿½timas Fatais";"Plena Noite";"Crescente";"Chuva";"Simples";"Reta";"Nï¿½o";2;1;0;0;1;0;0;2;-12,16930899;-43,38947902;"SPRF-BA";"DEL10-BA";"UOP01-DEL10-BA"
655146;2025-01-14;"terï¿½a-feira";"23:30:00";"GO";40;127,8;"CRISTALINA";"Reaï¿½ï¿½o tardia ou ineficiente do condutor";"Tombamento";"Com Vï¿½timas Feridas";"Plena Noite";"Crescente";"Nublado";"Dupla";"Reta";"Nï¿½o";1;0;1;0;0;0;1;1;-16,886701;-47,365804;"SPRF-DF";"DEL01-DF";"UOP02-DEL01-DF"
655147;2025-01-15;"quarta-feira";"01:50:00";"MG";381;364;"SAO GONCALO DO RIO ABAIXO";"Transitar na contramï¿½o";"Colisï¿½o frontal";"Com Vï¿½timas Feridas";"Plena Noite";"Crescente";"Chuva";"Simples";"Curva";"Nï¿½o";2;0;1;0;1;0;1;2;-19,84955579;-43,25424839;"SPRF-MG";"DEL03-MG";"UOP01-DEL03-MG"
655157;2025-01-15;"quarta-feira";"03:40:00";"BA";101;482;"URUCUCA";"Demais Fenï¿½menos da natureza";"Colisï¿½o com objeto";"Com Vï¿½timas Feridas";"Plena Noite";"Crescente";"Chuva";"Simples";"Curva";"Nï¿½o";1;0;1;0;0;0;1;1;-14,639;-39,337;"SPRF-BA";"DEL05-BA";"UOP01-DEL05-BA"
655160;2025-01-14;"terï¿½a-feira";"21:30:00";"MG";251;204;"CACHOEIRA DE PAJEU";"Demais falhas mecï¿½nicas ou elï¿½tricas";"Incï¿½ndio";"Sem Vï¿½timas";"Plena Noite";"Crescente";"Chuva";"Simples";"Declive;Reta";"Nï¿½o";2;0;0;0;1;2;0;3;-15,86747511;-41,51345492;"SPRF-MG";"DEL12-MG";"UOP02-DEL12-MG"
655161;2025-01-15;"quarta-feira";"05:30:00";"ES";101;321,4;"GUARAPARI";"Problema com o freio";"Saï¿½da de leito carroï¿½ï¿½vel";"Com Vï¿½timas Feridas";"Amanhecer";"Decrescente";"Chuva";"Dupla";"Curva;Declive";"Nï¿½o";2;0;0;1;0;1;1;2;-20,520908;-40,478306;"SPRF-ES";"DEL03-ES";"UOP01-DEL03-ES"
655163;2025-01-15;"quarta-feira";"06:00:00";"DF";60;8,9;"BRASILIA";"Manobra de mudanï¿½a de faixa";"Colisï¿½o lateral mesmo sentido";"Com Vï¿½timas Feridas";"Amanhecer";"Crescente";"Chuva";"Dupla";"Curva;Declive";"Sim";3;0;1;0;1;2;1;4;-15,90324;-48,130695;"SPRF-DF";"DEL03-DF";"UOP01-DEL03-DF"
655165;2025-01-14;"terï¿½a-feira";"18:18:00";"MT";364;587;"DIAMANTINO";"Condutor deixou de manter distï¿½ncia do veï¿½culo da frente";"Colisï¿½o traseira";"Com Vï¿½timas Feridas";"Anoitecer";"Crescente";"Nublado";"Dupla";"Aclive;Reta";"Nï¿½o";5;0;2;0;2;2;2;4;-14,61012536;-56,25164264;"SPRF-MT";"DEL01-MT";"UOP01-DEL01-MT"
655167;2025-01-15;"quarta-feira";"07:00:00";"GO";153;526;"HIDROLANDIA";"Demais falhas mecï¿½nicas ou elï¿½tricas";"Colisï¿½o traseira";"Com Vï¿½timas Feridas";"Pleno dia";"Crescente";"Nublado";"Dupla";"Reta";"Nï¿½o";3;0;0;1;1;1;1;3;-16,9376;-49,2532;"SPRF-GO";"DEL01-GO";"UOP03-DEL01-GO"
655170;2025-01-14;"terï¿½a-feira";"23:55:00";"CE";222;163,2;"IRAUCUBA";"Velocidade Incompatï¿½vel";"Tombamento";"Sem Vï¿½timas";"Plena Noite";"Crescente";"Chuva";"Simples";"Curva";"Nï¿½o";1;0;0;0;1;0;0;1;-3,72958214;-39,90925312;"SPRF-CE";"DEL04-CE";"UOP03-DEL04-CE"