"id";"data_inversa";"dia_semana";"horario";"uf";"br";"km";"municipio";"causa_acidente";"tipo_acidente";"classificacao_acidente";"fase_dia";"sentido_via";"condicao_metereologica";"tipo_pista";"tracado_via";"uso_solo";"pessoas";"mortos";"feridos_leves";"feridos_graves";"ilesos";"ignorados";"feridos";"veiculos";"latitude";"longitude";"regional";"delegacia";"uop"
655430;2025-01-16;"quinta-feira";"12:30:00";"RJ";116;173;"SAO JOAO DE MERITI";"Acessar a via sem observar a presenï¿½a dos outros veï¿½culos";"Colisï¿½o lateral mesmo sentido";"Sem Vï¿½timas";"Pleno dia";"Decrescente";"Cï¿½u Claro";"Simples";"Em Obras;Curva";"Nï¿½o";3;0;0;0;2;1;0;3;-22,79810324;-43,35726614;"SPRF-RJ";"DEL06-RJ";"UOP01-DEL06-RJ"
655431;2025-01-16;"quinta-feira";"10:30:00";"GO";20;159,2;"ALVORADA DO NORTE";"Velocidade Incompatï¿½vel";"Saï¿½da de leito carroï¿½ï¿½vel";"Sem Vï¿½timas";"Pleno dia";"Decrescente";"Nublado";"Simples";"Reta";"Nï¿½o";2;0;0;0;1;1;0;2;-14,625212;-46,616703;"SPRF-DF";"DEL02-DF";"UOP03-DEL02-DF"
655432;2025-01-16;"quinta-feira";"12:42:00";"GO";153;523;"HIDROLANDIA";"Velocidade Incompatï¿½vel";"Saï¿½da de leito carroï¿½ï¿½vel";"Com Vï¿½timas Feridas";"Pleno dia";"Crescente";"Chuva";"Dupla";"Reta";"Sim";1;0;1;0;0;0;1;1;-16,9113;-49,2534;"SPRF-GO";"DEL01-GO";"UOP03-DEL01-GO"
655433;2025-01-16;"quinta-feira";"08:15:00";"RO";435;35;"VILHENA";"Problema com o freio";"Saï¿½da de leito carroï¿½ï¿½vel";"Com Vï¿½timas Feridas";"Pleno dia";"Crescente";"Cï¿½u Claro";"Simples";"Curva";"Nï¿½o";2;0;1;0;0;1;1;2;-12,84736708;-60,37897271;"SPRF-RO";"DEL04-RO";"UOP02-DEL04-RO"
655443;2025-01-16;"quinta-feira";"11:30:00";"SC";282;375,1;"HERVAL DOESTE";"Reaï¿½ï¿½o tardia ou ineficiente do condutor";"Colisï¿½o lateral sentido oposto";"Com Vï¿½timas Feridas";"Pleno dia";"Crescente";"Cï¿½u Claro";"Simples";"Curva";"Nï¿½o";5;0;3;0;2;0;3;2;-27,234051;-51,452725;"SPRF-SC";"DEL07-SC";"UOP05-DEL07-SC"
655444;2025-01-16;"quinta-feira";"07:20:00";"MG";381;234,9;"BELO ORIENTE";"Transitar na contramï¿½o";"Colisï¿½o frontal";"Com Vï¿½timas Feridas";"Pleno dia";"Crescente";"Cï¿½u Claro";"Simples";"Curva";"Nï¿½o";4;0;1;1;2;0;2;3;-19,37971595;-42,46158214;"SPRF-MG";"DEL06-MG";"UOP01-DEL06-MG"
655447;2025-01-16;"quinta-feira";"12:50:00";"SP";116;565;"BARRA DO TURVO";"Reaï¿½ï¿½o tardia ou ineficiente do condutor";"Colisï¿½o com objeto";"Com Vï¿½timas Feridas";"Pleno dia";"Crescente";"Garoa/Chuvisco";"Mï¿½ltipla";"Aclive;Curva";"Nï¿½o";3;0;1;0;1;1;1;3;-25,0358686;-48,54404396;"SPRF-SP";"DEL05-SP";"UOP02-DEL05-SP"
655449;2025-01-16;"quinta-feira";"14:20:00";"PR";376;665;"TIJUCAS DO SUL";"Manobra de mudanï¿½a de faixa";"Colisï¿½o transversal";"Com Vï¿½timas Feridas";"Pleno dia";"Decrescente";"Garoa/Chuvisco";"Dupla";"Aclive;Reta";"Nï¿½o";4;0;1;0;2;1;1;3;-25,84152063;-49,01842117;"SPRF-PR";"DEL01-PR";"UOP04-DEL01-PR"
655455;2025-01-16;"quinta-feira";"12:04:00";"RO";364;528,6;"ARIQUEMES";"Avarias e/ou desgaste excessivo no pneu";"Colisï¿½o transversal";"Com Vï¿½timas Feridas";"Pleno dia";"Decrescente";"Garoa/Chuvisco";"Simples";"Reta";"Nï¿½o";4;0;2;0;2;0;2;2;-9,80802594;-63,07965517;"SPRF-RO";"DEL03-RO";"UOP01-DEL03-RO"
655456;2025-01-16;"quinta-feira";"14:00:00";"SP";116;282;"EMBU DAS ARTES";"Reaï¿½ï¿½o tardia ou ineficiente do condutor";"Colisï¿½o traseira";"Com Vï¿½timas Feridas";"Pleno dia";"Decrescente";"Nublado";"Dupla";"Reta";"Nï¿½o";3;0;1;0;1;1;1;3;-23,68570216;-46,85970975;"SPRF-SP";"DEL04-SP";"UOP01-DEL04-SP"
655458;2025-01-16;"quinta-feira";"14:45:00";"RS";290;200;"RIO PARDO";"Condutor deixou de manter distï¿½ncia do veï¿½culo da frente";"Colisï¿½o traseira";"Com Vï¿½timas Feridas";"Pleno dia";"Decrescente";"Cï¿½u Claro";"Simples";"Reta";"Nï¿½o";3;0;1;0;1;2;1;4;-30,170481;-52,216755;"SPRF-RS";"DEL02-RS";"UOP03-DEL02-RS"
655459;2025-01-16;"quinta-feira";"11:00:00";"RO";364;535;"ARIQUEMES";"Reaï¿½ï¿½o tardia ou ineficiente do condutor";"Colisï¿½o lateral mesmo sentido";"Com Vï¿½timas Feridas";"Pleno dia";"Crescente";"Nublado";"Simples";"Reta";"Nï¿½o";5;0;1;0;3;1;1;3;-9,75412198;-63,09728697;"SPRF-RO";"DEL03-RO";"UOP01-DEL03-RO"
655463;2025-01-16;"quinta-feira";"12:00:00";"MG";116;21,9;"AGUAS VERMELHAS";"Velocidade Incompatï¿½vel";"Tombamento";"Com Vï¿½timas Feridas";"Pleno dia";"Decrescente";"Nublado";"Simples";"Aclive;Curva";"Nï¿½o";1;0;1;0;0;0;1;1;-15,84293113;-41,40943564;"SPRF-BA";"DEL08-BA";"UOP03-DEL08-BA"
655465;2025-01-16;"quinta-feira";"15:00:00";"RS";470;225,8;"GARIBALDI";"Desrespeitar a preferï¿½ncia no cruzamento";"Colisï¿½o transversal";"Com Vï¿½timas Feridas";"Pleno dia";"Decrescente";"Cï¿½u Claro";"Simples";"Curva;Retorno Regulamentado";"Sim";3;0;1;1;1;0;2;2;-29,24670969;-51,51589036;"SPRF-RS";"DEL06-RS";"UOP01-DEL06-RS"
655467;2025-01-16;"quinta-feira";"15:35:00";"GO";60;4,8;"SANTO ANTONIO DO DESCOBERTO";"Pista Escorregadia";"Saï¿½da de leito carroï¿½ï¿½vel";"Com Vï¿½timas Feridas";"Pleno dia";"Crescente";"Chuva";"Dupla";"Reta;Declive";"Nï¿½o";3;0;1;0;1;1;1;2;-16,090742;-48,27694;"SPRF-DF";"DEL03-DF";"UOP01-DEL03-DF"
655469;2025-01-16;"quinta-feira";"14:50:00";"PR";277;619;"CEU AZUL";"Ultrapassagem Indevida";"Colisï¿½o lateral mesmo sentido";"Com Vï¿½timas Feridas";"Pleno dia";"Decrescente";"Cï¿½u Claro";"Simples";"Aclive;Reta";"Nï¿½o";6;0;1;1;3;2;2;4;-25,07943106;-53,70166498;"SPRF-PR";"DEL05-PR";"UOP02-DEL05-PR"
655471;2025-01-16;"quinta-feira";"15:15:00";"PR";373;313;"GUARAPUAVA";"Acessar a via sem observar a presenï¿½a dos outros veï¿½culos";"Colisï¿½o transversal";"Com Vï¿½timas Feridas";"Pleno dia";"Crescente";"Cï¿½u Claro";"Simples";"Reta;Interseï¿½ï¿½o de Vias";"Nï¿½o";3;0;1;0;2;0;1;2;-25,34518618;-51,21916619;"SPRF-PR";"DEL08-PR";"UOP01-DEL08-PR"
655473;2025-01-16;"quinta-feira";"16:10:00";"PR";376;614;"SAO JOSE DOS PINHAIS";"Reaï¿½ï¿½o tardia ou ineficiente do condutor";"Colisï¿½o traseira";"Com Vï¿½timas Feridas";"Pleno dia";"Decrescente";"Garoa/Chuvisco";"Dupla";"Reta";"Nï¿½o";4;0;1;0;2;1;1;4;-25,57084314;-49,19356398;"SPRF-PR";"DEL01-PR";"UOP03-DEL01-PR"
655474;2025-01-16;"quinta-feira";"14:00:00";"MG";153;187,9;"FRUTAL";"Velocidade Incompatï¿½vel";"Colisï¿½o lateral sentido oposto";"Com Vï¿½timas Feridas";"Pleno dia";"Crescente";"Chuva";"Simples";"Curva;Declive";"Nï¿½o";4;0;2;0;1;1;2;3;-19,91509495;-48,96299388;"SPRF-MG";"DEL13-MG";"UOP02-DEL13-MG"
655477;2025-01-16;"quinta-feira";"15:40:00";"MG";262;792;"UBERABA";"Transitar na contramï¿½o";"Colisï¿½o transversal";"Com Vï¿½timas Feridas";"Pleno dia";"Crescente";"Cï¿½u Claro";"Simples";"Declive;Reta";"Nï¿½o";3;0;1;0;1;2;1;4;-19,76475021;-47,86860297;"SPRF-MG";"DEL13-MG";"UOP01-DEL13-MG"
655484;2025-01-16;"quinta-feira";"18:10:00";"MG";262;446;"NOVA SERRANA";"Transitar na contramï¿½o";"Colisï¿½o lateral sentido oposto";"Sem Vï¿½timas";"Anoitecer";"Decrescente";"Nublado";"Simples";"Reta";"Sim";3;0;0;0;2;2;0;4;-19,87514825;-44,95031205;"SPRF-MG";"DEL08-MG";"UOP03-DEL08-MG"
655488;2025-01-16;"quinta-feira";"17:50:00";"PR";116;59,5;"CAMPINA GRANDE DO SUL";"Reaï¿½ï¿½o tardia ou ineficiente do condutor";"Colisï¿½o com objeto";"Com Vï¿½timas Feridas";"Pleno dia";"Crescente";"Chuva";"Dupla";"Reta";"Nï¿½o";5;0;2;1;1;1;3;2;-25,30502152;-48,95008922;"SPRF-PR";"DEL01-PR";"UOP02-DEL01-PR"
655491;2025-01-16;"quinta-feira";"18:00:00";"SP";116;513;"CAJATI";"Reaï¿½ï¿½o tardia ou ineficiente do condutor";"Saï¿½da de leito carroï¿½ï¿½vel";"Com Vï¿½timas Fatais";"Anoitecer";"Decrescente";"Garoa/Chuvisco";"Dupla";"Curva;Declive";"Nï¿½o";2;1;0;0;0;3;0;4;-24,85109616;-48,21802405;"SPRF-SP";"DEL05-SP";"UOP02-DEL05-SP"
655497;2025-01-04;"sï¿½bado";"14:50:00";"SP";381;89,7;"GUARULHOS";"Acessar a via sem observar a presenï¿½a dos outros veï¿½culos";"Colisï¿½o lateral mesmo sentido";"Com Vï¿½timas Feridas";"Pleno dia";"Crescente";"Cï¿½u Claro";"Dupla";"Em Obras;Reta";"Sim";3;0;1;0;2;0;1;2;-23,49540226;-46,559524;"SPRF-SP";"DEL03-SP";"UOP01-DEL03-SP"
655498;2025-01-16;"quinta-feira";"18:30:00";"BA";324;519,5;"FEIRA DE SANTANA";"Ausï¿½ncia de reaï¿½ï¿½o do condutor";"Colisï¿½o traseira";"Sem Vï¿½timas";"Anoitecer";"Decrescente";"Nublado";"Dupla";"Reta";"Nï¿½o";3;0;0;0;2;2;0;4;-12,27781301;-38,92892456;"SPRF-BA";"DEL02-BA";"UOP01-DEL02-BA"
655499;2025-01-16;"quinta-feira";"17:35:00";"MT";163;533,1;"DIAMANTINO";"Avarias e/ou desgaste excessivo no pneu";"Tombamento";"Sem Vï¿½timas";"Pleno dia";"Decrescente";"Cï¿½u Claro";"Dupla";"Curva;Declive";"Nï¿½o";2;0;0;0;1;3;0;4;-14,35703148;-56,1504364;"SPRF-MT";"DEL01-MT";"UOP01-DEL01-MT"
655513;2025-01-16;"quinta-feira";"15:10:00";"RS";153;518,8;"CACAPAVA DO SUL";"Velocidade Incompatï¿½vel";"Saï¿½da de leito carroï¿½ï¿½vel";"Com Vï¿½timas Feridas";"Pleno dia";"Decrescente";"Nublado";"Simples";"Reta";"Nï¿½o";2;0;0;1;1;0;1;1;-30,64198099;-53,39843629;"SPRF-RS";"DEL09-RS";"UOP02-DEL09-RS"
655519;2025-01-16;"quinta-feira";"18:30:00";"SC";280;12,5;"SAO FRANCISCO DO SUL";"Conversï¿½o proibida";"Colisï¿½o traseira";"Com Vï¿½timas Feridas";"Anoitecer";"Crescente";"Garoa/Chuvisco";"Simples";"Reta";"Nï¿½o";6;0;3;0;2;1;3;4;-26,31323107;-48,64449483;"SPRF-SC";"DEL03-SC";"UOP03-DEL03-SC"
655520;2025-01-16;"quinta-feira";"15:15:00";"SC";280;11;"SAO FRANCISCO DO SUL";"Condutor deixou de manter distï¿½ncia do veï¿½culo da frente";"Colisï¿½o lateral mesmo sentido";"Com Vï¿½timas Feridas";"Pleno dia";"Decrescente";"Garoa/Chuvisco";"Simples";"Reta;Declive";"Nï¿½o";4;0;2;0;2;0;2;2;-26,304752;-48,641014;"SPRF-SC";"DEL03-SC";"UOP03-DEL03-SC"
655521;2025-01-16;"quinta-feira";"17:40:00";"PR";376;496,4;"PONTA GROSSA";"Mal sï¿½bito do condutor";"Saï¿½da de leito carroï¿½ï¿½vel";"Sem Vï¿½timas";"Pleno dia";"Crescente";"Sol";"Dupla";"Reta;Aclive";"Sim";4;0;0;0;3;1;0;3;-25,1425093;-50,1574592;"SPRF-PR";"DEL03-PR";"UOP04-DEL03-PR"
655527;2025-01-16;"quinta-feira";"22:10:00";"ES";101;330;"GUARAPARI";"Ingestï¿½o de ï¿½lcool pelo condutor";"Colisï¿½o lateral mesmo sentido";"Sem Vï¿½timas";"Plena Noite";"Crescente";"Nublado";"Simples";"Reta";"Nï¿½o";3;0;0;0;2;1;0;3;-20,5929953;-40,50133975;"SPRF-ES";"DEL03-ES";"UOP01-DEL03-ES"
655532;2025-01-16;"quinta-feira";"23:20:00";"SC";101;187,1;"BIGUACU";"Reaï¿½ï¿½o tardia ou ineficiente do condutor";"Engavetamento";"Com Vï¿½timas Feridas";"Pleno dia";"Decrescente";"Chuva";"Dupla";"Reta";"Nï¿½o";5;0;0;1;3;1;1;4;-27,44307116;-48,62848475;"SPRF-SC";"DEL01-SC";"UOP01-DEL01-SC"
655534;2025-01-16;"quinta-feira";"17:49:00";"MS";163;31;"MUNDO NOVO";"Manobra de mudanï¿½a de faixa";"Colisï¿½o lateral sentido oposto";"Com Vï¿½timas Fatais";"Pleno dia";"Crescente";"Cï¿½u Claro";"Simples";"Reta;Ponte";"Nï¿½o";3;1;0;0;1;5;0;7;-23,83782869;-54,33431268;"SPRF-MS";"DEL09-MS";"UOP02-DEL09-MS"
655535;2025-01-17;"sexta-feira";"01:00:00";"PR";153;453;"UNIAO DA VITORIA";"Condutor deixou de manter distï¿½ncia do veï¿½culo da frente";"Colisï¿½o traseira";"Sem Vï¿½timas";"Plena Noite";"Decrescente";"Cï¿½u Claro";"Simples";"Reta";"Nï¿½o";3;0;0;0;2;1;0;3;-26,19806177;-51,07019541;"SPRF-PR";"DEL02-PR";"UOP03-DEL02-PR"
655537;2025-01-17;"sexta-feira";"00:05:00";"PE";116;64,1;"CABROBO";"Transitar na contramï¿½o";"Colisï¿½o frontal";"Com Vï¿½timas Fatais";"Plena Noite";"Decrescente";"Nublado";"Simples";"Declive;Reta";"Nï¿½o";3;1;0;0;1;3;0;5;-8,395157;-39,161707;"SPRF-PE";"DEL05-PE";"UOP03-DEL05-PE"
655540;2025-01-17;"sexta-feira";"02:30:00";"SC";101;232;"PALHOCA";"Condutor deixou de manter distï¿½ncia do veï¿½culo da frente";"Colisï¿½o traseira";"Com Vï¿½timas Feridas";"Plena Noite";"Decrescente";"Nublado";"Dupla";"Reta";"Nï¿½o";2;0;1;0;1;0;1;2;-27,795666;-48,638153;"SPRF-SC";"DEL01-SC";"UOP02-DEL01-SC"
655543;2025-01-17;"sexta-feira";"02:20:00";"MG";50;52,9;"ARAGUARI";"Condutor Dormindo";"Saï¿½da de leito carroï¿½ï¿½vel";"Com Vï¿½timas Feridas";"Plena Noite";"Decrescente";"Chuva";"Dupla";"Curva;Aclive";"Nï¿½o";2;0;1;0;0;1;1;2;-18,75140135;-48,2369687;"SPRF-MG";"DEL15-MG";"UOP02-DEL15-MG"
655548;2025-01-17;"sexta-feira";"05:30:00";"SP";381;84;"SAO PAULO";"Manobra de mudanï¿½a de faixa";"Colisï¿½o traseira";"Com Vï¿½timas Feridas";"Amanhecer";"Decrescente";"Cï¿½u Claro";"Mï¿½ltipla";"Retorno Regulamentado";"Sim";4;0;2;1;0;1;3;3;-23,43937;-46,56807;"SPRF-SP";"DEL03-SP";"UOP01-DEL03-SP"
655550;2025-01-17;"sexta-feira";"06:20:00";"SP";116;225;"GUARULHOS";"Reaï¿½ï¿½o tardia ou ineficiente do condutor";"Colisï¿½o traseira";"Com Vï¿½timas Feridas";"Amanhecer";"Crescente";"Nublado";"Mï¿½ltipla";"Reta;Em Obras";"Sim";3;0;0;1;2;0;1;3;-23,48586772;-46,54075317;"SPRF-SP";"DEL01-SP";"UOP01-DEL01-SP"
655580;2025-01-17;"sexta-feira";"05:00:00";"PB";104;12,8;"CUITE";"Reaï¿½ï¿½o tardia ou ineficiente do condutor";"Saï¿½da de leito carroï¿½ï¿½vel";"Com Vï¿½timas Fatais";"Amanhecer";"Crescente";"Cï¿½u Claro";"Simples";"Curva;Declive";"Nï¿½o";1;1;0;0;0;0;0;1;-6,50157794;-36,1486783;"SPRF-PB";"DEL02-PB";"UOP04-DEL02-PB"
655582;2025-01-17;"sexta-feira";"08:20:00";"SC";101;193,1;"BIGUACU";"Acumulo de ï¿½gua sobre o pavimento";"Saï¿½da de leito carroï¿½ï¿½vel";"Sem Vï¿½timas";"Pleno dia";"Crescente";"Chuva";"Mï¿½ltipla";"Reta";"Sim";1;0;0;0;1;0;0;1;-27,489574;-48,655914;"SPRF-SC";"DEL01-SC";"UOP01-DEL01-SC"
655585;2025-01-17;"sexta-feira";"10:45:00";"CE";116;19,5;"ITAITINGA";"Condutor deixou de manter distï¿½ncia do veï¿½culo da frente";"Engavetamento";"Com Vï¿½timas Feridas";"Pleno dia";"Decrescente";"Nublado";"Dupla";"Reta";"Nï¿½o";7;0;2;0;5;0;2;6;-3,91384397;-38,50667231;"SPRF-CE";"DEL01-CE";"UOP02-DEL01-CE"
655587;2025-01-17;"sexta-feira";"10:30:00";"SP";381;7;"VARGEM";"Estacionar ou parar em local proibido";"Colisï¿½o traseira";"Sem Vï¿½timas";"Pleno dia";"Crescente";"Nublado";"Dupla";"Reta";"Nï¿½o";3;0;0;0;2;1;0;3;-22,90533708;-46,42270582;"SPRF-SP";"DEL03-SP";"UOP02-DEL03-SP"
655589;2025-01-17;"sexta-feira";"07:50:00";"MG";262;896,6;"CAMPO FLORIDO";"Demais falhas mecï¿½nicas ou elï¿½tricas";"Incï¿½ndio";"Sem Vï¿½timas";"Pleno dia";"Crescente";"Cï¿½u Claro";"Dupla";"Reta;Aclive";"Nï¿½o";2;0;0;0;1;2;0;3;-19,76694276;-48,58091387;"SPRF-MG";"DEL13-MG";"UOP02-DEL13-MG"
655591;2025-01-17;"sexta-feira";"09:20:00";"SC";280;98;"CORUPA";"Ausï¿½ncia de reaï¿½ï¿½o do condutor";"Colisï¿½o traseira";"Com Vï¿½timas Feridas";"Pleno dia";"Crescente";"Cï¿½u Claro";"Simples";"Reta";"Nï¿½o";2;0;1;0;1;0;1;2;-26,38347399;-49,32297199;"SPRF-SC";"DEL06-SC";"UOP03-DEL06-SC"
655599;2025-01-17;"sexta-feira";"11:15:00";"SC";280;28,8;"ARAQUARI";"Trafegar com motocicleta (ou similar) entre as faixas";"Colisï¿½o lateral mesmo sentido";"Com Vï¿½timas Feridas";"Pleno dia";"Crescente";"Nublado";"Simples";"Reta";"Sim";5;0;2;0;1;3;2;5;-26,40450077;-48,74561031;"SPRF-SC";"DEL03-SC";"UOP03-DEL03-SC"
655601;2025-01-17;"sexta-feira";"11:30:00";"RJ";116;295;"BARRA MANSA";"Reaï¿½ï¿½o tardia ou ineficiente do condutor";"Engavetamento";"Com Vï¿½timas Feridas";"Pleno dia";"Decrescente";"Sol";"Dupla";"Reta";"Nï¿½o";7;0;1;0;5;1;1;7;-22,45013044;-44,3107408;"SPRF-RJ";"DEL07-RJ";"UOP02-DEL07-RJ"
655606;2025-01-17;"sexta-feira";"09:00:00";"CE";116;491,8;"MILAGRES";"Acessar a via sem observar a presenï¿½a dos outros veï¿½culos";"Tombamento";"Com Vï¿½timas Feridas";"Pleno dia";"Crescente";"Chuva";"Simples";"Interseï¿½ï¿½o de Vias;Reta";"Nï¿½o";8;0;1;1;5;2;2;5;-7,39928;-38,96197;"SPRF-CE";"DEL05-CE";"UOP03-DEL05-CE"
655608;2025-01-17;"sexta-feira";"13:00:00";"SC";101;17;"JOINVILLE";"Velocidade Incompatï¿½vel";"Colisï¿½o com objeto";"Com Vï¿½timas Feridas";"Pleno dia";"Crescente";"Cï¿½u Claro";"Mï¿½ltipla";"Reta";"Sim";5;0;0;2;2;1;2;3;-26,12141519;-48,88262078;"SPRF-SC";"DEL03-SC";"UOP01-DEL03-SC"
655620;2025-01-17;"sexta-feira";"14:15:00";"MG";381;2;"BETIM";"Condutor deixou de manter distï¿½ncia do veï¿½culo da frente";"Colisï¿½o lateral mesmo sentido";"Com Vï¿½timas Feridas";"Pleno dia";"Decrescente";"Cï¿½u Claro";"Simples";"Reta";"Sim";2;0;0;1;1;0;1;2;-19,96825;-44,198708;"SPRF-MG";"DEL01-MG";"UOP03-DEL01-MG"
655622;2025-01-17;"sexta-feira";"13:30:00";"PE";408;62;"CARPINA";"Reaï¿½ï¿½o tardia ou ineficiente do condutor";"Colisï¿½o lateral mesmo sentido";"Sem Vï¿½timas";"Pleno dia";"Decrescente";"Cï¿½u Claro";"Simples";"Curva";"Nï¿½o";2;0;0;0;1;1;0;2;-7,83198297;-35,24473969;"SPRF-PE";"DEL01-PE";"UOP01-DEL01-PE"
655635;2025-01-17;"sexta-feira";"11:55:00";"PR";373;172;"PONTA GROSSA";"Ausï¿½ncia de reaï¿½ï¿½o do condutor";"Colisï¿½o traseira";"Com Vï¿½timas Feridas";"Pleno dia";"Decrescente";"Cï¿½u Claro";"Dupla";"Reta";"Sim";3;0;0;1;1;1;1;3;-25,08139932;-50,19200981;"SPRF-PR";"DEL03-PR";"UOP01-DEL03-PR"
655642;2025-01-17;"sexta-feira";"12:26:00";"MA";222;642;"ACAILANDIA";"Condutor Dormindo";"Colisï¿½o lateral sentido oposto";"Com Vï¿½timas Feridas";"Pleno dia";"Decrescente";"Cï¿½u Claro";"Simples";"Reta";"Nï¿½o";5;0;1;0;4;0;1;2;-4,79503815;-47,21209191;"SPRF-MA";"DEL04-MA";"UOP03-DEL04-MA"
655644;2025-01-17;"sexta-feira";"16:00:00";"RN";226;182,1;"CURRAIS NOVOS";"Reaï¿½ï¿½o tardia ou ineficiente do condutor";"Colisï¿½o com objeto";"Com Vï¿½timas Feridas";"Pleno dia";"Crescente";"Cï¿½u Claro";"Simples";"Aclive;Curva";"Nï¿½o";4;0;1;1;2;0;2;2;-6,27038595;-36,55566999;"SPRF-RN";"DEL03-RN";"UOP02-DEL03-RN"
655649;2025-01-17;"sexta-feira";"16:15:00";"MG";40;589;"ITABIRITO";"Ultrapassagem Indevida";"Colisï¿½o lateral mesmo sentido";"Com Vï¿½timas Feridas";"Pleno dia";"Crescente";"Cï¿½u Claro";"Simples";"Curva;Aclive";"Nï¿½o";7;0;1;0;4;2;1;4;-20,3591;-43,90992896;"SPRF-MG";"DEL01-MG";"UOP02-DEL01-MG"
655655;2025-01-17;"sexta-feira";"15:49:00";"PB";230;26;"JOAO PESSOA";"Ausï¿½ncia de reaï¿½ï¿½o do condutor";"Colisï¿½o traseira";"Com Vï¿½timas Feridas";"Pleno dia";"Crescente";"Cï¿½u Claro";"Dupla";"Reta";"Sim";2;0;0;1;1;0;1;2;-7,1693;-34,8782;"SPRF-PB";"DEL01-PB";"UOP01-DEL01-PB"
655661;2025-01-17;"sexta-feira";"16:50:00";"PE";101;38;"IGARASSU";"Condutor deixou de manter distï¿½ncia do veï¿½culo da frente";"Engavetamento";"Com Vï¿½timas Feridas";"Pleno dia";"Crescente";"Nublado";"Dupla";"Declive;Reta";"Sim";5;0;1;0;3;1;1;5;-7,80600806;-34,92522908;"SPRF-PE";"DEL01-PE";"UOP02-DEL01-PE"
655664;2025-01-17;"sexta-feira";"13:48:00";"MS";163;185,9;"JUTI";"Reaï¿½ï¿½o tardia ou ineficiente do condutor";"Saï¿½da de leito carroï¿½ï¿½vel";"Com Vï¿½timas Feridas";"Pleno dia";"Decrescente";"Cï¿½u Claro";"Simples";"Reta";"Nï¿½o";2;0;1;0;0;2;1;3;-22,80967201;-54,720188;"SPRF-MS";"DEL09-MS";"UOP01-DEL09-MS"
655667;2025-01-17;"sexta-feira";"15:00:00";"RO";364;15,9;"VILHENA";"Desrespeitar a preferï¿½ncia no cruzamento";"Colisï¿½o transversal";"Com Vï¿½timas Feridas";"Pleno dia";"Decrescente";"Sol";"Dupla";"Retorno Regulamentado";"Sim";2;0;0;1;1;0;1;2;-12,73672751;-60,14804088;"SPRF-RO";"DEL04-RO";"UOP01-DEL04-RO"
655669;2025-01-17;"sexta-feira";"11:00:00";"MG";262;562;"CORREGO DANTA";"Acostamento em desnï¿½vel";"Tombamento";"Sem Vï¿½timas";"Pleno dia";"Crescente";"Sol";"Simples";"Reta";"Nï¿½o";2;0;0;0;1;1;0;2;-19,74642816;-45,97207546;"SPRF-MG";"DEL08-MG";"UOP02-DEL08-MG"
655672;2025-01-17;"sexta-feira";"14:50:00";"PR";153;353;"REBOUCAS";"Ultrapassagem Indevida";"Tombamento";"Com Vï¿½timas Feridas";"Pleno dia";"Decrescente";"Garoa/Chuvisco";"Simples";"Curva";"Nï¿½o";2;0;1;0;0;2;1;3;-25,62594193;-50,719173;"SPRF-PR";"DEL08-PR";"UOP02-DEL08-PR"
655684;2025-01-17;"sexta-feira";"14:00:00";"SP";116;138,8;"SAO JOSE DOS CAMPOS";"Entrada inopinada do pedestre";"Colisï¿½o com objeto";"Com Vï¿½timas Feridas";"Pleno dia";"Crescente";"Cï¿½u Claro";"Dupla";"Reta;Declive";"Nï¿½o";2;0;1;0;1;0;1;2;-23,1572739;-45,79554605;"SPRF-SP";"DEL02-SP";"UOP01-DEL02-SP"
655685;2025-01-17;"sexta-feira";"17:45:00";"SC";101;331,8;"TUBARAO";"Acessar a via sem observar a presenï¿½a dos outros veï¿½culos";"Colisï¿½o transversal";"Com Vï¿½timas Feridas";"Pleno dia";"Decrescente";"Cï¿½u Claro";"Dupla";"Viaduto;Interseï¿½ï¿½o de Vias;Rotatï¿½ria";"Sim";2;0;1;0;1;0;1;2;-28,46593727;-48,99542928;"SPRF-SC";"DEL02-SC";"UOP01-DEL02-SC"
655689;2025-01-17;"sexta-feira";"18:00:00";"PR";369;149,7;"LONDRINA";"Condutor deixou de manter distï¿½ncia do veï¿½culo da frente";"Colisï¿½o traseira";"Com Vï¿½timas Feridas";"Pleno dia";"Crescente";"Nublado";"Dupla";"Reta";"Sim";3;0;0;1;2;0;1;3;-23,29284822;-51,15885192;"SPRF-PR";"DEL07-PR";"UOP01-DEL07-PR"
655701;2025-01-17;"sexta-feira";"17:45:00";"MT";163;117;"RONDONOPOLIS";"Reaï¿½ï¿½o tardia ou ineficiente do condutor";"Colisï¿½o transversal";"Sem Vï¿½timas";"Anoitecer";"Crescente";"Nublado";"Dupla";"Retorno Regulamentado;Reta";"Sim";8;0;0;0;7;4;0;8;-16,50982618;-54,6535027;"SPRF-MT";"DEL02-MT";"UOP01-DEL02-MT"