"id";"data_inversa";"dia_semana";"horario";"uf";"br";"km";"municipio";"causa_acidente";"tipo_acidente";"classificacao_acidente";"fase_dia";"sentido_via";"condicao_metereologica";"tipo_pista";"tracado_via";"uso_solo";"pessoas";"mortos";"feridos_leves";"feridos_graves";"ilesos";"ignorados";"feridos";"veiculos";"latitude";"longitude";"regional";"delegacia";"uop"
655707;2025-01-17;"sexta-feira";"15:00:00";"BA";116;528;"ITATIM";"Condutor usando celular";"Engavetamento";"Com Vï¿½timas Feridas";"Pleno dia";"Decrescente";"Cï¿½u Claro";"Simples";"Reta";"Nï¿½o";5;0;1;0;3;3;1;7;-12,71587879;-39,7449061;"SPRF-BA";"DEL03-BA";"UOP02-DEL03-BA"
655708;2025-01-17;"sexta-feira";"15:05:00";"SC";280;30;"ARAQUARI";"Demais falhas mecï¿½nicas ou elï¿½tricas";"Saï¿½da de leito carroï¿½ï¿½vel";"Com Vï¿½timas Feridas";"Pleno dia";"Decrescente";"Nublado";"Simples";"Reta";"Nï¿½o";2;0;1;0;0;1;1;2;-26,4141523;-48,76209493;"SPRF-SC";"DEL03-SC";"UOP03-DEL03-SC"
655709;2025-01-13;"segunda-feira";"10:53:00";"ES";101;142;"LINHARES";"Falta de acostamento";"Colisï¿½o traseira";"Com Vï¿½timas Feridas";"Pleno dia";"Crescente";"Cï¿½u Claro";"Dupla";"Reta";"Sim";5;0;1;0;1;3;1;4;-19,33458987;-40,06755477;"SPRF-ES";"DEL04-ES";"UOP01-DEL04-ES"
655714;2025-01-17;"sexta-feira";"18:15:00";"TO";153;798,8;"TALISMA";"Ausï¿½ncia de reaï¿½ï¿½o do condutor";"Saï¿½da de leito carroï¿½ï¿½vel";"Com Vï¿½timas Feridas";"Anoitecer";"Decrescente";"Nublado";"Simples";"Reta";"Sim";2;0;1;0;0;1;1;2;-12,79876213;-49,09430239;"SPRF-TO";"DEL01-TO";"UOP02-DEL01-TO"
655721;2025-01-17;"sexta-feira";"19:00:00";"AL";423;59;"AGUA BRANCA";"Transitar na contramï¿½o";"Colisï¿½o frontal";"Sem Vï¿½timas";"Plena Noite";"Crescente";"Cï¿½u Claro";"Simples";"Aclive;Reta";"Nï¿½o";3;0;0;0;2;1;0;3;-9,28672761;-37,80012508;"SPRF-AL";"DEL03-AL";"UOP02-DEL03-AL"
655722;2025-01-07;"terï¿½a-feira";"22:15:00";"PR";116;58,9;"CAMPINA GRANDE DO SUL";"Chuva";"Colisï¿½o com objeto";"Com Vï¿½timas Feridas";"Plena Noite";"Crescente";"Chuva";"Dupla";"Declive;Curva";"Nï¿½o";4;0;0;1;2;3;1;6;-25,303398;-48,943762;"SPRF-PR";"DEL01-PR";"UOP02-DEL01-PR"
655724;2025-01-17;"sexta-feira";"21:20:00";"ES";101;144,8;"LINHARES";"Condutor desrespeitou a iluminaï¿½ï¿½o vermelha do semï¿½foro";"Colisï¿½o transversal";"Com Vï¿½timas Fatais";"Plena Noite";"Crescente";"Cï¿½u Claro";"Simples";"Retorno Regulamentado";"Sim";3;1;0;0;0;2;0;3;-19,35188295;-40,0636685;"SPRF-ES";"DEL04-ES";"UOP01-DEL04-ES"
655728;2025-01-17;"sexta-feira";"22:10:00";"RJ";116;193;"QUEIMADOS";"Condutor deixou de manter distï¿½ncia do veï¿½culo da frente";"Colisï¿½o traseira";"Com Vï¿½timas Feridas";"Plena Noite";"Decrescente";"Nublado";"Dupla";"Reta";"Nï¿½o";2;0;0;1;1;0;1;2;-22,73960178;-43,52859094;"SPRF-RJ";"DEL06-RJ";"UOP01-DEL06-RJ"
655753;2025-01-17;"sexta-feira";"21:30:00";"MA";226;108;"CAXIAS";"Ausï¿½ncia de reaï¿½ï¿½o do condutor";"Saï¿½da de leito carroï¿½ï¿½vel";"Com Vï¿½timas Feridas";"Plena Noite";"Decrescente";"Ignorado";"Simples";"Reta";"Nï¿½o";1;0;1;0;0;0;1;1;-5,3038774;-43,7219772;"SPRF-MA";"DEL03-MA";"UOP02-DEL03-MA"
655762;2025-01-18;"sï¿½bado";"01:20:00";"MT";163;854;"SINOP";"Acessar a via sem observar a presenï¿½a dos outros veï¿½culos";"Colisï¿½o transversal";"Com Vï¿½timas Feridas";"Plena Noite";"Decrescente";"Nublado";"Simples";"Retorno Regulamentado";"Nï¿½o";6;0;2;0;4;0;2;2;-11,69348357;-55,45161551;"SPRF-MT";"DEL06-MT";"UOP02-DEL06-MT"
655763;2025-01-18;"sï¿½bado";"03:15:00";"SC";101;49;"JOINVILLE";"Ausï¿½ncia de reaï¿½ï¿½o do condutor";"Colisï¿½o com objeto";"Com Vï¿½timas Feridas";"Plena Noite";"Decrescente";"Nublado";"Dupla";"Curva";"Nï¿½o";5;0;2;1;1;1;3;3;-26,36479799;-48,85878798;"SPRF-SC";"DEL03-SC";"UOP01-DEL03-SC"
655766;2025-01-18;"sï¿½bado";"03:00:00";"MG";381;482;"BETIM";"Ausï¿½ncia de reaï¿½ï¿½o do condutor";"Colisï¿½o traseira";"Sem Vï¿½timas";"Plena Noite";"Decrescente";"Ignorado";"Mï¿½ltipla";"Interseï¿½ï¿½o de Vias;Reta";"Sim";3;0;0;0;1;3;0;4;-19,95947326;-44,07680511;"SPRF-MG";"DEL01-MG";"UOP03-DEL01-MG"
655769;2025-01-18;"sï¿½bado";"03:00:00";"PB";101;59,9;"SANTA RITA";"Transitar no Acostamento";"Atropelamento de Pedestre";"Com Vï¿½timas Fatais";"Plena Noite";"Crescente";"Nublado";"Dupla";"Curva;Declive";"Nï¿½o";2;1;0;0;0;1;0;2;-6,99352402;-35,06896004;"SPRF-PB";"DEL01-PB";"UOP03-DEL01-PB"
655771;2025-01-18;"sï¿½bado";"04:20:00";"MG";381;888;"CAMBUI";"Reaï¿½ï¿½o tardia ou ineficiente do condutor";"Colisï¿½o traseira";"Com Vï¿½timas Feridas";"Plena Noite";"Crescente";"Cï¿½u Claro";"Dupla";"Reta";"Nï¿½o";4;0;1;0;3;0;1;2;-22,52341926;-46,02378845;"SPRF-MG";"DEL16-MG";"UOP01-DEL16-MG"
655776;2025-01-18;"sï¿½bado";"05:20:00";"RS";392;8,6;"RIO GRANDE";"Demais falhas na via";"Tombamento";"Com Vï¿½timas Feridas";"Amanhecer";"Decrescente";"Cï¿½u Claro";"Simples";"Reta";"Sim";4;0;1;0;2;1;1;2;-32,10246718;-52,11069415;"SPRF-RS";"DEL07-RS";"UOP02-DEL07-RS"
655778;2025-01-18;"sï¿½bado";"03:40:00";"MT";70;46;"BARRA DO GARCAS";"Ultrapassagem Indevida";"Saï¿½da de leito carroï¿½ï¿½vel";"Sem Vï¿½timas";"Amanhecer";"Crescente";"Cï¿½u Claro";"Simples";"Reta;Declive";"Nï¿½o";1;0;0;0;1;0;0;1;-15,74705859;-52,60493395;"SPRF-MT";"DEL07-MT";"UOP01-DEL07-MT"
655780;2025-01-17;"sexta-feira";"13:50:00";"RO";435;89;"COLORADO DO OESTE";"Ausï¿½ncia de reaï¿½ï¿½o do condutor";"Colisï¿½o com objeto";"Sem Vï¿½timas";"Pleno dia";"Decrescente";"Cï¿½u Claro";"Simples";"Reta";"Sim";1;0;0;0;1;0;0;1;-13,12762947;-60,54428101;"SPRF-RO";"DEL04-RO";"UOP02-DEL04-RO"
655785;2025-01-18;"sï¿½bado";"05:00:00";"SP";116;511;"CAJATI";"Reaï¿½ï¿½o tardia ou ineficiente do condutor";"Tombamento";"Com Vï¿½timas Feridas";"Pleno dia";"Decrescente";"Garoa/Chuvisco";"Dupla";"Curva";"Nï¿½o";2;0;1;0;0;1;1;2;-24,83558399;-48,2223738;"SPRF-SP";"DEL05-SP";"UOP02-DEL05-SP"
655789;2025-01-17;"sexta-feira";"23:30:00";"MG";381;403,5;"BOM JESUS DO AMPARO";"Demais falhas mecï¿½nicas ou elï¿½tricas";"Tombamento";"Com Vï¿½timas Feridas";"Plena Noite";"Decrescente";"Nublado";"Dupla";"Curva";"Nï¿½o";1;0;1;0;0;0;1;1;-19,75137942;-43,53638096;"SPRF-MG";"DEL01-MG";"UOP01-DEL01-MG"
655796;2025-01-02;"quinta-feira";"23:40:00";"GO";153;606,6;"MORRINHOS";"Condutor Dormindo";"Colisï¿½o traseira";"Com Vï¿½timas Feridas";"Plena Noite";"Crescente";"Nublado";"Dupla";"Reta";"Nï¿½o";49;0;3;0;46;0;3;2;-17,6034;-49,1878;"SPRF-GO";"DEL03-GO";"UOP01-DEL03-GO"
655799;2025-01-15;"quarta-feira";"07:10:00";"PR";476;348;"PAULA FREITAS";"Ausï¿½ncia de reaï¿½ï¿½o do condutor";"Colisï¿½o com objeto";"Sem Vï¿½timas";"Pleno dia";"Crescente";"Cï¿½u Claro";"Simples";"Reta";"Nï¿½o";1;0;0;0;1;0;0;1;-26,181463;-50,960186;"SPRF-PR";"DEL02-PR";"UOP03-DEL02-PR"
655802;2025-01-18;"sï¿½bado";"06:22:00";"PR";116;23,1;"ANTONINA";"Manobra de mudanï¿½a de faixa";"Colisï¿½o lateral mesmo sentido";"Com Vï¿½timas Feridas";"Pleno dia";"Decrescente";"Garoa/Chuvisco";"Dupla";"Curva";"Nï¿½o";3;0;1;0;1;1;1;3;-25,1104764;-48,75592011;"SPRF-PR";"DEL01-PR";"UOP02-DEL01-PR"
655820;2025-01-18;"sï¿½bado";"08:30:00";"SP";116;525;"CAJATI";"Reaï¿½ï¿½o tardia ou ineficiente do condutor";"Colisï¿½o traseira";"Com Vï¿½timas Feridas";"Pleno dia";"Decrescente";"Nublado";"Simples";"Declive;Reta";"Nï¿½o";3;0;1;1;0;1;2;3;-24,92563316;-48,26567292;"SPRF-SP";"DEL05-SP";"UOP02-DEL05-SP"
655827;2025-01-18;"sï¿½bado";"10:40:00";"SP";116;212;"GUARULHOS";"Velocidade Incompatï¿½vel";"Colisï¿½o traseira";"Com Vï¿½timas Feridas";"Pleno dia";"Crescente";"Sol";"Mï¿½ltipla";"Reta";"Sim";5;0;2;1;0;3;3;4;-23,43608315;-46,42805094;"SPRF-SP";"DEL01-SP";"UOP01-DEL01-SP"
655836;2025-01-18;"sï¿½bado";"10:40:00";"SC";158;136;"PALMITOS";"Avarias e/ou desgaste excessivo no pneu";"Tombamento";"Com Vï¿½timas Feridas";"Pleno dia";"Decrescente";"Sol";"Simples";"Curva;Declive";"Nï¿½o";1;0;1;0;0;0;1;1;-27,09940003;-53,21691513;"SPRF-SC";"DEL07-SC";"UOP02-DEL07-SC"
655846;2025-01-18;"sï¿½bado";"09:30:00";"RJ";101;250,7;"RIO BONITO";"Condutor Dormindo";"Colisï¿½o com objeto";"Com Vï¿½timas Feridas";"Pleno dia";"Crescente";"Cï¿½u Claro";"Dupla";"Reta";"Nï¿½o";2;0;0;1;1;0;1;1;-22,67476921;-42,51607987;"SPRF-RJ";"DEL02-RJ";"UOP03-DEL02-RJ"
655851;2025-01-18;"sï¿½bado";"15:05:00";"TO";153;719;"FIGUEIROPOLIS";"Ingestï¿½o de ï¿½lcool pelo condutor";"Colisï¿½o lateral sentido oposto";"Com Vï¿½timas Feridas";"Pleno dia";"Crescente";"Chuva";"Simples";"Reta";"Nï¿½o";19;0;2;0;16;1;2;3;-12,11278686;-49,17999978;"SPRF-TO";"DEL01-TO";"UOP02-DEL01-TO"
655862;2025-01-18;"sï¿½bado";"11:05:00";"AC";317;343;"BRASILEIA";"Condutor deixou de manter distï¿½ncia do veï¿½culo da frente";"Colisï¿½o traseira";"Com Vï¿½timas Fatais";"Pleno dia";"Crescente";"Cï¿½u Claro";"Simples";"Reta";"Nï¿½o";5;1;0;0;3;1;0;3;-10,87483089;-69,06228763;"SPRF-AC";"DEL01-AC";"UOP02-DEL01-AC"
655877;2025-01-18;"sï¿½bado";"15:35:00";"MT";163;740;"SORRISO";"Ausï¿½ncia de reaï¿½ï¿½o do condutor";"Colisï¿½o traseira";"Com Vï¿½timas Feridas";"Pleno dia";"Decrescente";"Nublado";"Simples";"Reta;Em Obras";"Nï¿½o";3;0;0;1;1;1;1;3;-12,74982305;-55,83298367;"SPRF-MT";"DEL06-MT";"UOP01-DEL06-MT"
655879;2025-01-18;"sï¿½bado";"15:50:00";"SE";101;66;"MARUIM";"Acessar a via sem observar a presenï¿½a dos outros veï¿½culos";"Colisï¿½o transversal";"Com Vï¿½timas Feridas";"Pleno dia";"Crescente";"Cï¿½u Claro";"Simples";"Aclive";"Sim";3;0;1;0;1;1;1;3;-10,71207086;-37,05954216;"SPRF-SE";"DEL02-SE";"UOP02-DEL02-SE"
655884;2025-01-18;"sï¿½bado";"17:32:00";"PE";101;65;"RECIFE";"Manobra de mudanï¿½a de faixa";"Colisï¿½o lateral mesmo sentido";"Sem Vï¿½timas";"Plena Noite";"Decrescente";"Cï¿½u Claro";"Dupla";"Reta";"Nï¿½o";2;0;0;0;1;1;0;2;-8,02478597;-34,94276635;"SPRF-PE";"DEL01-PE";"UOP01-DEL01-PE"
655896;2025-01-18;"sï¿½bado";"18:35:00";"MG";50;194,5;"DELTA";"Ingestï¿½o de ï¿½lcool pelo condutor";"Tombamento";"Sem Vï¿½timas";"Anoitecer";"Crescente";"Cï¿½u Claro";"Dupla";"Reta;Declive";"Nï¿½o";2;0;0;0;1;1;0;2;-19,887439;-47,848374;"SPRF-MG";"DEL13-MG";"UOP01-DEL13-MG"
655909;2025-01-18;"sï¿½bado";"17:20:00";"SC";282;452,5;"PONTE SERRADA";"Manobra de mudanï¿½a de faixa";"Colisï¿½o lateral mesmo sentido";"Com Vï¿½timas Feridas";"Pleno dia";"Crescente";"Sol";"Simples";"Aclive;Reta";"Nï¿½o";2;0;1;0;1;0;1;2;-26,90612;-51,970417;"SPRF-SC";"DEL07-SC";"UOP04-DEL07-SC"
655910;2025-01-18;"sï¿½bado";"21:18:00";"BA";116;674;"JEQUIE";"Demais falhas mecï¿½nicas ou elï¿½tricas";"Incï¿½ndio";"Sem Vï¿½timas";"Pleno dia";"Decrescente";"Cï¿½u Claro";"Simples";"Reta";"Nï¿½o";2;0;0;0;1;1;0;2;-13,81715;-40,11209098;"SPRF-BA";"DEL03-BA";"UOP01-DEL03-BA"
655914;2025-01-18;"sï¿½bado";"20:20:00";"PR";153;455,3;"UNIAO DA VITORIA";"Ingestï¿½o de ï¿½lcool pelo condutor";"Colisï¿½o lateral sentido oposto";"Sem Vï¿½timas";"Plena Noite";"Crescente";"Nublado";"Simples";"Reta";"Nï¿½o";3;0;0;0;2;1;0;3;-26,19868889;-51,11166;"SPRF-PR";"DEL02-PR";"UOP03-DEL02-PR"
655921;2025-01-18;"sï¿½bado";"06:45:00";"PR";376;326;"ORTIGUEIRA";"Velocidade Incompatï¿½vel";"Colisï¿½o com objeto";"Com Vï¿½timas Feridas";"Pleno dia";"Decrescente";"Nublado";"Simples";"Aclive;Curva";"Nï¿½o";2;0;1;0;0;2;1;3;-24,0662539;-51,06441021;"SPRF-PR";"DEL07-PR";"UOP02-DEL07-PR"
655930;2025-01-18;"sï¿½bado";"22:30:00";"SC";470;118;"IBIRAMA";"Pedestre andava na pista";"Atropelamento de Pedestre";"Com Vï¿½timas Feridas";"Plena Noite";"Crescente";"Nublado";"Simples";"Aclive;Reta";"Nï¿½o";2;0;1;0;0;1;1;2;-27,082176;-49,511818;"SPRF-SC";"DEL04-SC";"UOP02-DEL04-SC"
655936;2025-01-18;"sï¿½bado";"20:50:00";"MT";163;782;"SORRISO";"Ingestï¿½o de ï¿½lcool pelo condutor";"Eventos atï¿½picos";"Sem Vï¿½timas";"Plena Noite";"Crescente";"Chuva";"Simples";"Reta;Aclive";"Nï¿½o";2;0;0;0;1;1;0;2;-12,42949301;-55,64462299;"SPRF-MT";"DEL06-MT";"UOP02-DEL06-MT"
655939;2025-01-18;"sï¿½bado";"13:00:00";"PI";343;300;"ALTOS";"Ausï¿½ncia de reaï¿½ï¿½o do condutor";"Tombamento";"Com Vï¿½timas Feridas";"Pleno dia";"Crescente";"Nublado";"Simples";"Curva";"Nï¿½o";2;0;2;0;0;0;2;1;-5,003034;-42,413452;"SPRF-PI";"DEL01-PI";"UOP03-DEL01-PI"
655947;2025-01-19;"domingo";"00:01:00";"RN";304;241;"RIACHUELO";"Transitar na contramï¿½o";"Colisï¿½o frontal";"Com Vï¿½timas Fatais";"Pleno dia";"Crescente";"Chuva";"Simples";"Reta";"Sim";3;1;0;0;2;0;0;2;-5,80596939;-35,82876231;"SPRF-RN";"DEL01-RN";"UOP02-DEL01-RN"
655984;2025-01-19;"domingo";"07:32:00";"BA";101;6;"RIO REAL";"Demais falhas mecï¿½nicas ou elï¿½tricas";"Colisï¿½o transversal";"Com Vï¿½timas Feridas";"Pleno dia";"Crescente";"Cï¿½u Claro";"Simples";"Reta";"Nï¿½o";3;0;1;1;1;0;2;2;-11,58792804;-37,87567286;"SPRF-SE";"DEL02-SE";"UOP03-DEL02-SE"
656003;2025-01-19;"domingo";"09:15:00";"RS";386;238,7;"SOLEDADE";"Retorno proibido";"Colisï¿½o transversal";"Com Vï¿½timas Feridas";"Pleno dia";"Decrescente";"Sol";"Simples";"Reta";"Nï¿½o";6;0;2;0;4;0;2;3;-28,752241;-52,54018;"SPRF-RS";"DEL04-RS";"UOP03-DEL04-RS"
656007;2025-01-19;"domingo";"06:00:00";"MT";163;648;"LUCAS DO RIO VERDE";"Ultrapassagem Indevida";"Saï¿½da de leito carroï¿½ï¿½vel";"Sem Vï¿½timas";"Amanhecer";"Crescente";"Chuva";"Simples";"Reta";"Nï¿½o";18;0;0;0;17;2;0;4;-13,49407706;-56,05190908;"SPRF-MT";"DEL06-MT";"UOP01-DEL06-MT"
656009;2025-01-19;"domingo";"08:22:00";"BA";101;798;"ITAMARAJU";"Manobra de mudanï¿½a de faixa";"Colisï¿½o lateral mesmo sentido";"Com Vï¿½timas Feridas";"Pleno dia";"Crescente";"Nublado";"Simples";"Reta";"Nï¿½o";7;0;2;3;1;1;5;3;-17,12381097;-39,56860216;"SPRF-BA";"DEL09-BA";"UOP01-DEL09-BA"
656016;2025-01-19;"domingo";"07:00:00";"PE";104;4,1;"TAQUARITINGA DO NORTE";"Suicï¿½dio (presumido)";"Atropelamento de Pedestre";"Com Vï¿½timas Fatais";"Pleno dia";"Decrescente";"Cï¿½u Claro";"Simples";"Reta";"Nï¿½o";3;1;0;0;1;1;0;3;-7,82029385;-36,09828472;"SPRF-PE";"DEL02-PE";"UOP01-DEL02-PE"
656020;2025-01-19;"domingo";"09:05:00";"CE";222;270,1;"COREAU";"Reaï¿½ï¿½o tardia ou ineficiente do condutor";"Colisï¿½o lateral sentido oposto";"Sem Vï¿½timas";"Pleno dia";"Crescente";"Cï¿½u Claro";"Simples";"Reta";"Nï¿½o";4;0;0;0;3;3;0;6;-3,75018373;-40,73763832;"SPRF-CE";"DEL04-CE";"UOP02-DEL04-CE"
656022;2025-01-19;"domingo";"09:40:00";"MG";116;33;"CACHOEIRA DE PAJEU";"Ausï¿½ncia de reaï¿½ï¿½o do condutor";"Colisï¿½o com objeto";"Com Vï¿½timas Feridas";"Pleno dia";"Decrescente";"Sol";"Simples";"Ponte;Reta";"Nï¿½o";1;0;1;0;0;0;1;1;-15,9245731;-41,39545358;"SPRF-MG";"DEL11-MG";"UOP02-DEL11-MG"
656033;2025-01-19;"domingo";"13:00:00";"MG";381;938;"EXTREMA";"Estacionar ou parar em local proibido";"Colisï¿½o traseira";"Com Vï¿½timas Feridas";"Pleno dia";"Crescente";"Chuva";"Dupla";"Reta";"Nï¿½o";8;0;3;0;4;1;3;3;-22,83909203;-46,32850893;"SPRF-MG";"DEL16-MG";"UOP03-DEL16-MG"
656036;2025-01-19;"domingo";"11:15:00";"MG";381;656;"SANTO ANTONIO DO AMPARO";"Mal sï¿½bito do condutor";"Colisï¿½o com objeto";"Com Vï¿½timas Feridas";"Pleno dia";"Crescente";"Nublado";"Dupla";"Curva;Declive";"Nï¿½o";8;0;4;0;3;2;4;6;-21,00645107;-44,97543296;"SPRF-MG";"DEL04-MG";"UOP02-DEL04-MG"
656038;2025-01-19;"domingo";"13:20:00";"RN";101;124;"SAO JOSE DE MIPIBU";"Manobra de mudanï¿½a de faixa";"Colisï¿½o lateral mesmo sentido";"Sem Vï¿½timas";"Pleno dia";"Crescente";"Cï¿½u Claro";"Dupla";"Interseï¿½ï¿½o de Vias;Reta";"Sim";3;0;0;0;2;1;0;3;-6,07054896;-35,23785797;"SPRF-RN";"DEL01-RN";"UOP01-DEL01-RN"
656041;2025-01-19;"domingo";"09:30:00";"RJ";116;262;"VOLTA REDONDA";"Mal sï¿½bito do condutor";"Eventos atï¿½picos";"Sem Vï¿½timas";"Pleno dia";"Decrescente";"Cï¿½u Claro";"Dupla";"Aclive;Reta";"Nï¿½o";2;0;0;0;1;2;0;3;-22,593;-44,072;"SPRF-RJ";"DEL07-RJ";"UOP02-DEL07-RJ"
656043;2025-01-19;"domingo";"12:50:00";"SC";101;158;"PORTO BELO";"Acesso irregular";"Colisï¿½o lateral mesmo sentido";"Com Vï¿½timas Feridas";"Pleno dia";"Crescente";"Sol";"Dupla";"Reta";"Sim";3;0;1;0;1;1;1;3;-27,19345123;-48,61286044;"SPRF-SC";"DEL04-SC";"UOP03-DEL04-SC"
656050;2025-01-19;"domingo";"10:30:00";"BA";242;351;"LENCOIS";"Velocidade Incompatï¿½vel";"Tombamento";"Com Vï¿½timas Feridas";"Pleno dia";"Crescente";"Cï¿½u Claro";"Simples";"Curva;Declive";"Nï¿½o";2;0;0;1;0;2;1;3;-12,49243908;-41,3280788;"SPRF-BA";"DEL06-BA";"UOP02-DEL06-BA"
656051;2025-01-19;"domingo";"14:45:00";"PR";277;135;"BALSA NOVA";"Velocidade Incompatï¿½vel";"Tombamento";"Com Vï¿½timas Feridas";"Pleno dia";"Decrescente";"Chuva";"Simples";"Reta";"Nï¿½o";2;0;1;0;0;1;1;2;-25,4713;-49,6205;"SPRF-PR";"DEL03-PR";"UOP03-DEL03-PR"
656052;2025-01-19;"domingo";"11:30:00";"BA";116;728;"MANOEL VITORINO";"Reaï¿½ï¿½o tardia ou ineficiente do condutor";"Colisï¿½o com objeto";"Sem Vï¿½timas";"Pleno dia";"Crescente";"Cï¿½u Claro";"Simples";"Aclive";"Nï¿½o";1;0;0;0;1;0;0;1;-14,26300405;-40,28864987;"SPRF-BA";"DEL08-BA";"UOP02-DEL08-BA"
656071;2025-01-19;"domingo";"15:50:00";"MT";364;587;"DIAMANTINO";"Reaï¿½ï¿½o tardia ou ineficiente do condutor";"Saï¿½da de leito carroï¿½ï¿½vel";"Com Vï¿½timas Feridas";"Pleno dia";"Crescente";"Chuva";"Dupla";"Reta";"Nï¿½o";2;0;1;0;0;1;1;2;-14,61012536;-56,25164264;"SPRF-MT";"DEL01-MT";"UOP01-DEL01-MT"
656072;2025-01-19;"domingo";"14:30:00";"MG";116;222,8;"CATUJI";"Reaï¿½ï¿½o tardia ou ineficiente do condutor";"Saï¿½da de leito carroï¿½ï¿½vel";"Com Vï¿½timas Feridas";"Pleno dia";"Decrescente";"Sol";"Simples";"Curva;Declive";"Nï¿½o";3;0;1;0;0;2;1;3;-17,42343294;-41,51418802;"SPRF-MG";"DEL11-MG";"UOP01-DEL11-MG"
656074;2025-01-19;"domingo";"08:30:00";"PA";10;156;"PARAGOMINAS";"Avarias e/ou desgaste excessivo no pneu";"Tombamento";"Com Vï¿½timas Feridas";"Pleno dia";"Crescente";"Cï¿½u Claro";"Simples";"Reta";"Nï¿½o";2;0;1;0;1;0;1;1;-3,07148295;-47,47564419;"SPRF-PA";"DEL02-PA";"UOP01-DEL02-PA"
656080;2025-01-19;"domingo";"17:20:00";"SP";116;347;"MIRACATU";"Mal sï¿½bito do condutor";"Colisï¿½o lateral mesmo sentido";"Com Vï¿½timas Feridas";"Pleno dia";"Decrescente";"Cï¿½u Claro";"Dupla";"Reta";"Nï¿½o";3;0;1;0;1;1;1;3;-24,04699491;-47,19706111;"SPRF-SP";"DEL04-SP";"UOP03-DEL04-SP"
656087;2025-01-19;"domingo";"14:20:00";"RO";364;59;"VILHENA";"Reaï¿½ï¿½o tardia ou ineficiente do condutor";"Saï¿½da de leito carroï¿½ï¿½vel";"Com Vï¿½timas Feridas";"Pleno dia";"Decrescente";"Chuva";"Simples";"Reta";"Nï¿½o";1;0;1;0;0;0;1;1;-12,51637568;-60,42653692;"SPRF-RO";"DEL04-RO";"UOP01-DEL04-RO"
656091;2025-01-19;"domingo";"09:50:00";"PA";10;299,9;"IRITUIA";"Carga excessiva e/ou mal acondicionada";"Tombamento";"Com Vï¿½timas Feridas";"Pleno dia";"Crescente";"Nublado";"Simples";"Declive";"Nï¿½o";2;0;1;0;0;1;1;2;-1,80828797;-47,51438083;"SPRF-PA";"DEL02-PA";"UOP01-DEL02-PA"
656109;2025-01-19;"domingo";"19:20:00";"SC";101;135,8;"BALNEARIO CAMBORIU";"Ingestï¿½o de ï¿½lcool pelo condutor";"Colisï¿½o lateral mesmo sentido";"Sem Vï¿½timas";"Plena Noite";"Decrescente";"Nublado";"Mï¿½ltipla";"Reta";"Sim";2;0;0;0;2;0;0;2;-27,0050108;-48,62677494;"SPRF-SC";"DEL04-SC";"UOP03-DEL04-SC"
656121;2025-01-19;"domingo";"20:04:00";"PE";101;46;"IGARASSU";"Manobra de mudanï¿½a de faixa";"Colisï¿½o lateral mesmo sentido";"Sem Vï¿½timas";"Plena Noite";"Crescente";"Cï¿½u Claro";"Mï¿½ltipla";"Reta";"Sim";2;0;0;0;2;0;0;2;-7,87406004;-34,90588126;"SPRF-PE";"DEL01-PE";"UOP02-DEL01-PE"
656141;2025-01-19;"domingo";"22:20:00";"RS";386;240;"SOLEDADE";"Transitar na contramï¿½o";"Colisï¿½o lateral sentido oposto";"Com Vï¿½timas Feridas";"Plena Noite";"Decrescente";"Nublado";"Simples";"Reta";"Nï¿½o";3;0;1;0;2;0;1;3;-28,766171;-52,533092;"SPRF-RS";"DEL04-RS";"UOP03-DEL04-RS"
656142;2025-01-19;"domingo";"19:40:00";"PR";376;100,3;"PARANAVAI";"Ausï¿½ncia de reaï¿½ï¿½o do condutor";"Tombamento";"Com Vï¿½timas Feridas";"Plena Noite";"Decrescente";"Chuva";"Simples";"Curva;Aclive";"Nï¿½o";2;0;1;0;0;2;1;3;-23,03210996;-52,4812603;"SPRF-PR";"DEL09-PR";"UOP02-DEL09-PR"
656150;2025-01-19;"domingo";"22:40:00";"SP";116;164,3;"JACAREI";"Reaï¿½ï¿½o tardia ou ineficiente do condutor";"Colisï¿½o lateral mesmo sentido";"Com Vï¿½timas Fatais";"Plena Noite";"Crescente";"Nublado";"Dupla";"Reta";"Nï¿½o";4;1;0;1;1;1;1;3;-23,29166028;-46,00002382;"SPRF-SP";"DEL02-SP";"UOP01-DEL02-SP"
656153;2025-01-19;"domingo";"20:30:00";"BA";324;625;"SALVADOR";"Condutor deixou de manter distï¿½ncia do veï¿½culo da frente";"Colisï¿½o traseira";"Com Vï¿½timas Feridas";"Plena Noite";"Decrescente";"Cï¿½u Claro";"Mï¿½ltipla";"Aclive;Reta";"Nï¿½o";3;0;0;1;1;1;1;3;-12,94194706;-38,47081224;"SPRF-BA";"DEL01-BA";"UOP01-DEL01-BA"
656160;2025-01-19;"domingo";"23:53:00";"MT";364;480;"JANGADA";"Ausï¿½ncia de reaï¿½ï¿½o do condutor";"Tombamento";"Com Vï¿½timas Feridas";"Plena Noite";"Decrescente";"Cï¿½u Claro";"Simples";"Declive;Reta";"Nï¿½o";2;0;1;0;0;2;1;3;-15,40024887;-56,38024791;"SPRF-MT";"DEL01-MT";"UOP02-DEL01-MT"